symbol	date	error_type	error_code
@BIO#	2020-01-31	no data	
@EMF#	2020-01-31	response error	503
@ENY#	2020-01-31	no data	
@MNF#	2020-01-31	response error	503
@XAB#	2020-01-31	no data	
@XAE#	2020-01-31	no data	
@XAF#	2020-01-31	no data	
@XAI#	2020-01-31	no data	
@XAK#	2020-01-31	no data	
@XAP#	2020-01-31	no data	
@XAU#	2020-01-31	no data	
@XAV#	2020-01-31	no data	
@XAY#	2020-01-31	no data	
@A2#	2020-01-31	response error	503
@A3#	2020-01-31	response error	503
@A4#	2020-01-31	response error	503
@A5#	2020-01-31	response error	503
@A9#	2020-01-31	response error	503
@AF#	2020-01-31	response error	503
@AH#	2020-01-31	response error	503
@AJ#	2020-01-31	response error	503
@AK#	2020-01-31	response error	503
@AW#	2020-01-31	response error	503
@BU2#	2020-01-31	response error	503
@BU3#	2020-01-31	response error	503
@BU5#	2020-01-31	response error	503
@CNH#	2020-01-31	no data	
@CNY#	2020-01-31	response error	503
@CPC#	2020-01-31	no data	
@CPO#	2020-01-31	no data	
@CSC#	2020-01-31	no data	
@CV1#	2020-01-31	response error	503
@CV2#	2020-01-31	response error	503
@CV4#	2020-01-31	response error	503
@CV5#	2020-01-31	response error	503
@CV8#	2020-01-31	response error	503
@CV9#	2020-01-31	response error	503
@D1#	2020-01-31	response error	503
@D2#	2020-01-31	response error	503
@D3#	2020-01-31	response error	503
@D4#	2020-01-31	response error	503
@D5#	2020-01-31	response error	503
@D6#	2020-01-31	response error	503
@D7#	2020-01-31	response error	503
@D8#	2020-01-31	response error	503
@D9#	2020-01-31	response error	503
@DQ#	2020-01-31	response error	503
@EB#	2020-01-31	response error	503
@EJ#	2020-01-31	response error	503
@FXD#	2020-01-31	response error	503
@G0#	2020-01-31	response error	503
@G1#	2020-01-31	response error	503
@G2#	2020-01-31	response error	503
@G3#	2020-01-31	response error	503
@G4#	2020-01-31	response error	503
@G5#	2020-01-31	response error	503
@G8#	2020-01-31	response error	503
@G9#	2020-01-31	response error	503
@GQ#	2020-01-31	response error	503
@H0#	2020-01-31	response error	503
@H1#	2020-01-31	response error	503
@H2#	2020-01-31	response error	503
@H3#	2020-01-31	response error	503
@H4#	2020-01-31	response error	503
@H5#	2020-01-31	response error	503
@H6#	2020-01-31	response error	503
@H7#	2020-01-31	response error	503
@H8#	2020-01-31	response error	503
@H9#	2020-01-31	response error	503
@HB#	2020-01-31	response error	503
@HD#	2020-01-31	response error	503
@HL#	2020-01-31	response error	503
@HM2#	2020-01-31	response error	503
@HNO#	2020-01-31	response error	503
@HR#	2020-01-31	response error	503
@HS#	2020-01-31	response error	503
@HW#	2020-01-31	response error	503
@HX#	2020-01-31	response error	503
@IBV#	2020-01-31	no data	
@K0#	2020-01-31	response error	503
@K1#	2020-01-31	response error	503
@K2#	2020-01-31	response error	503
@K3#	2020-01-31	response error	503
@K4#	2020-01-31	response error	503
@K5#	2020-01-31	response error	503
@K6#	2020-01-31	response error	503
@K7#	2020-01-31	response error	503
@K8#	2020-01-31	response error	503
@K9#	2020-01-31	response error	503
@KB#	2020-01-31	response error	503
@KD#	2020-01-31	response error	503
@KL#	2020-01-31	response error	503
@KQ#	2020-01-31	response error	503
@KR#	2020-01-31	response error	503
@KS#	2020-01-31	response error	503
@KV#	2020-01-31	response error	503
@KX#	2020-01-31	response error	503
@LBA#	2020-01-31	response error	503
@M6A#	2020-01-31	low data size	
@M6B#	2020-01-31	low data size	
@M6C#	2020-01-31	response error	503
@M6E#	2020-01-31	low data size	
@M6J#	2020-01-31	response error	503
@M6S#	2020-01-31	response error	503
@MCD#	2020-01-31	no data	
@MD#	2020-01-31	response error	503
@MG2#	2020-01-31	response error	503
@MIR#	2020-01-31	no data	
@MJY#	2020-01-31	no data	
@MLP#	2020-01-31	response error	503
@MNH#	2020-01-31	no data	
@MNY#	2020-01-31	response error	503
@MSF#	2020-01-31	no data	
@ND#	2020-01-31	response error	503
@OAM#	2020-01-31	response error	503
@RM#	2020-01-31	response error	503
@SIR#	2020-01-31	no data	
@SMP#	2020-01-31	response error	503
@SPO#	2020-01-31	no data	
@TRE#	2020-01-31	response error	503
@TRY#	2020-01-31	response error	503
@V3#	2020-01-31	response error	503
@VAQ#	2020-01-31	response error	503
@VAS#	2020-01-31	response error	503
@VAY#	2020-01-31	response error	503
@VEA#	2020-01-31	response error	503
@VEQ#	2020-01-31	response error	503
@VES#	2020-01-31	response error	503
@VF#	2020-01-31	response error	503
@VG#	2020-01-31	response error	503
@VH#	2020-01-31	response error	503
@VI#	2020-01-31	response error	503
@VJQ#	2020-01-31	response error	503
@VJS#	2020-01-31	response error	503
@VJY#	2020-01-31	response error	503
@VK#	2020-01-31	response error	503
@VPA#	2020-01-31	response error	503
@VPQ#	2020-01-31	response error	503
@VPS#	2020-01-31	response error	503
@ZAR#	2020-01-31	no data	
QALI#C	2020-01-31	response error	503
QSI#C	2020-01-31	response error	503
QGC#C	2020-01-31	response error	503
QCL#C	2020-01-31	response error	503
QNG#C	2020-01-31	response error	503
QC#C	2020-01-31	response error	503
LRC#C	2020-01-31	response error	503
@DD#	2020-01-31	response error	503
@DJ#	2020-01-31	response error	503
LED#C	2020-01-31	response error	503
@ER#	2020-01-31	response error	503
BTP#C	2020-01-31	response error	503
XG#C	2020-01-31	response error	503
EX#C	2020-01-31	response error	503
BD#C	2020-01-31	response error	503
BL#C	2020-01-31	response error	503
EZ#C	2020-01-31	response error	503
BX#C	2020-01-31	response error	503
SW#C	2020-01-31	response error	503
SQ#C	2020-01-31	response error	503
TD#C	2020-01-31	response error	503
EPI#C	2020-01-31	response error	503
@PB#	2020-01-31	response error	503
QHG#C	2020-01-31	response error	503
QHO#C	2020-01-31	response error	503
IN#C	2020-01-31	response error	503
BB#C	2020-01-31	response error	503
KW#C	2020-01-31	response error	503
LL#C	2020-01-31	response error	503
@M6A#	2020-01-31	low data size	
@M6B#	2020-01-31	low data size	
@M6C#	2020-01-31	response error	503
@M6E#	2020-01-31	low data size	
@M6J#	2020-01-31	response error	503
@M6S#	2020-01-31	response error	503
MXE#C	2020-01-31	response error	503
QMGC#C	2020-01-31	response error	503
NN#C	2020-01-31	response error	503
NU#C	2020-01-31	response error	503
LIV#C	2020-01-31	response error	503
QPA#C	2020-01-31	response error	503
QPL#C	2020-01-31	response error	503
LG#C	2020-01-31	response error	503
QRB	2020-01-31	response error	503
@R#	2020-01-31	response error	503
@RMF#	2020-01-31	response error	503
S#C	2020-01-31	response error	503
@SMP#	2020-01-31	response error	503
SPI#C	2020-01-31	response error	503
@TFS#	2020-01-31	response error	503
QTT#C	2020-01-31	response error	503
TW#C	2020-01-31	response error	503
LHW#C	2020-01-31	response error	503
@UB#	2020-01-31	no data	
IHO#C	2020-01-31	response error	503
IRB#C	2020-01-31	response error	503
QW#C	2020-01-31	response error	503
@YM#	2020-01-31	response error	500
@YT#	2020-01-31	response error	503
@C	2020-01-31	response error	503
@3N#	2020-01-31	low data size	
LF#C	2020-01-31	response error	503
@BS#	2020-01-31	response error	503
10YCMRY.X	2020-01-31	response error	503
20YCMRY.X	2020-01-31	response error	503
30YCMRY.X	2020-01-31	response error	503
3EC.X	2020-01-31	no data	
3XEC.X	2020-01-31	no data	
3XUK.X	2020-01-31	no data	
4EU5.X	2020-01-31	no data	
4GEU.X	2020-01-31	no data	
4GGL.X	2020-01-31	no data	
4GL1.X	2020-01-31	no data	
4GUK.X	2020-01-31	no data	
4GUS.X	2020-01-31	no data	
4UK5.X	2020-01-31	no data	
4US1.X	2020-01-31	no data	
5YCMRY.X	2020-01-31	response error	503
7YCMRY.X	2020-01-31	response error	503
AA	2020-01-31	no data	
AA07.X	2020-01-31	no data	
AAAIF	2020-01-31	no data	
AAALF	2020-01-31	low data size	
AAALY	2020-01-31	no data	
AAARF	2020-01-31	low data size	
AAC	2020-01-31	no data	
AACAF	2020-01-31	low data size	
AACAY	2020-01-31	low data size	
AACTF	2020-01-31	no data	
AAEEF	2020-01-31	no data	
AAGC	2020-01-31	no data	
AAGEF	2020-01-31	no data	
AAGH	2020-01-31	no data	
AAGIY	2020-01-31	no data	
AAGRY	2020-01-31	no data	
AAHIF	2020-01-31	response error	500
AAIGF	2020-01-31	no data	
AAINF	2020-01-31	no data	
AALBF	2020-01-31	no data	
AAMAF	2020-01-31	no data	
AAMMF	2020-01-31	no data	
AANC	2020-01-31	response error	503
AANNF	2020-01-31	low data size	
AANR	2020-01-31	no data	
AAOMF	2020-01-31	response error	503
AAPH	2020-01-31	no data	
AASL	2020-01-31	low data size	
AAST	2020-01-31	no data	
AASZF	2020-01-31	no data	
AAT	2020-01-31	no data	
AATDF	2020-01-31	no data	
AATGF	2020-01-31	low data size	
AATP	2020-01-31	no data	
AATRL	2020-01-31	no data	
AAVMY	2020-01-31	response error	503
AAVXF	2020-01-31	no data	
AAXJ.SO.X	2020-01-31	response error	500
ABAHF	2020-01-31	response error	503
ABBAF	2020-01-31	no data	
ABBB	2020-01-31	low data size	
ABBRF	2020-01-31	low data size	
ABBV	2020-01-31	no data	
ABBY	2020-01-31	no data	
ABCAF	2020-01-31	no data	
ABCZF	2020-01-31	no data	
ABCZY	2020-01-31	no data	
ABDDF	2020-01-31	no data	
ABDR	2020-01-31	low data size	
ABENU	2020-01-31	no data	
ABEPF	2020-01-31	no data	
ABETF	2020-01-31	no data	
ABEV	2020-01-31	no data	
ABFOF	2020-01-31	low data size	
ABFRF	2020-01-31	response error	500
ABFXF	2020-01-31	low data size	
ABGLF	2020-01-31	no data	
ABGOY	2020-01-31	low data size	
ABGSF	2020-01-31	low data size	
ABHI	2020-01-31	no data	
ABKI	2020-01-31	low data size	
ABLGF	2020-01-31	low data size	
ABLT	2020-01-31	no data	
ABML	2020-01-31	response error	503
ABMT	2020-01-31	low data size	
ABQI.X	2020-01-31	low data size	
ABQQ	2020-01-31	no data	
ABQX.X	2020-01-31	low data size	
ABR-A	2020-01-31	no data	
ABR-B	2020-01-31	no data	
ABR-C	2020-01-31	no data	
ABSCF	2020-01-31	no data	
ABSOF	2020-01-31	no data	
ABTPF	2020-01-31	response error	503
ABTZY	2020-01-31	no data	
ABVC	2020-01-31	no data	
ABVN	2020-01-31	no data	
ABWN	2020-01-31	no data	
ABZPF	2020-01-31	no data	
ABZPY	2020-01-31	no data	
ABZUF	2020-01-31	no data	
AC	2020-01-31	no data	
ACA	2020-01-31	no data	
ACAN	2020-01-31	no data	
ACAVF	2020-01-31	no data	
ACAZF	2020-01-31	no data	
ACB	2020-01-31	no data	
ACBFF	2020-01-31	no data	
ACBM	2020-01-31	no data	
ACCFF	2020-01-31	no data	
ACCMF	2020-01-31	response error	503
ACCYY	2020-01-31	no data	
ACDVF	2020-01-31	no data	
ACEEU	2020-01-31	no data	
ACEHF	2020-01-31	no data	
ACES	2020-01-31	no data	
ACEYY	2020-01-31	low data size	
ACFFF	2020-01-31	no data	
ACGBF	2020-01-31	no data	
ACGBY	2020-01-31	no data	
ACGPF	2020-01-31	no data	
ACGYF	2020-01-31	low data size	
ACHFF	2020-01-31	low data size	
ACIO	2020-01-31	response error	503
ACIO.IV.X	2020-01-31	response error	503
ACJJF	2020-01-31	low data size	
ACKAF	2020-01-31	low data size	
ACKAY	2020-01-31	low data size	
ACKDF	2020-01-31	no data	
ACLLF	2020-01-31	low data size	
ACLTF	2020-01-31	low data size	
ACLZ	2020-01-31	low data size	
ACMB	2020-01-31	no data	
ACMDY	2020-01-31	no data	
ACMLF	2020-01-31	low data size	
ACMT	2020-01-31	low data size	
ACNDF	2020-01-31	low data size	
ACNE	2020-01-31	low data size	
ACNFF	2020-01-31	no data	
ACNI	2020-01-31	low data size	
ACNNF	2020-01-31	no data	
ACNV	2020-01-31	no data	
ACOPF	2020-01-31	no data	
ACOPY	2020-01-31	response error	503
ACOSF	2020-01-31	low data size	
ACP	2020-01-31	no data	
ACPPQ	2020-01-31	low data size	
ACPQF	2020-01-31	no data	
ACRB	2020-01-31	no data	
ACRE	2020-01-31	no data	
ACRGF	2020-01-31	low data size	
ACRL	2020-01-31	no data	
ACRT	2020-01-31	no data	
ACSAF	2020-01-31	low data size	
ACSAY	2020-01-31	no data	
ACSI	2020-01-31	no data	
ACSI.IV.X	2020-01-31	no data	
ACSSF	2020-01-31	no data	
ACSYF	2020-01-31	low data size	
ACTL	2020-01-31	no data	
ACTPF	2020-01-31	response error	503
ACTRF	2020-01-31	low data size	
ACUIF	2020-01-31	no data	
ACV	2020-01-31	no data	
ACWI.SO.X	2020-01-31	response error	500
ACWRF	2020-01-31	low data size	
ACWV	2020-01-31	no data	
ACWX.SO.X	2020-01-31	response error	500
AD01.X	2020-01-31	no data	
AD02.X	2020-01-31	no data	
AD03.X	2020-01-31	no data	
AD04.X	2020-01-31	no data	
AD05.X	2020-01-31	no data	
AD07.X	2020-01-31	no data	
ADAC	2020-01-31	low data size	
ADAD	2020-01-31	no data	
ADBCF	2020-01-31	low data size	
ADBKF	2020-01-31	response error	503
ADBRF	2020-01-31	response error	503
ADCOF	2020-01-31	response error	503
ADCT	2020-01-31	response error	503
ADDC	2020-01-31	low data size	
ADDLF	2020-01-31	no data	
ADDXF	2020-01-31	low data size	
ADEC	2020-01-31	low data size	
ADERY	2020-01-31	no data	
ADEXF	2020-01-31	low data size	
ADFJF	2020-01-31	low data size	
ADFS	2020-01-31	no data	
ADFT	2020-01-31	no data	
ADGL	2020-01-31	no data	
ADGRF	2020-01-31	no data	
ADGS	2020-01-31	low data size	
ADHG	2020-01-31	no data	
ADHMY	2020-01-31	no data	
ADIMF	2020-01-31	response error	503
ADIWW	2020-01-31	response error	503
ADKCF	2020-01-31	response error	500
ADKIL	2020-01-31	no data	
ADKT	2020-01-31	low data size	
ADLDY	2020-01-31	no data	
ADMG	2020-01-31	low data size	
ADMLF	2020-01-31	response error	503
ADNOF	2020-01-31	response error	503
ADNT	2020-01-31	no data	
ADOCF	2020-01-31	no data	
ADOCY	2020-01-31	no data	
ADOM	2020-01-31	no data	
ADOOY	2020-01-31	no data	
ADPAA	2020-01-31	no data	
ADPAJ	2020-01-31	no data	
ADPAK	2020-01-31	low data size	
ADPBK	2020-01-31	no data	
ADPPF	2020-01-31	no data	
ADPXY	2020-01-31	no data	
ADRAD.X	2020-01-31	response error	500
ADRAM.X	2020-01-31	response error	500
ADRAS.X	2020-01-31	response error	500
ADRAT.X	2020-01-31	response error	500
ADRDD.X	2020-01-31	response error	500
ADRDM.X	2020-01-31	response error	500
ADRDS.X	2020-01-31	response error	500
ADRDT.X	2020-01-31	response error	500
ADRED.X	2020-01-31	response error	500
ADREM.X	2020-01-31	response error	500
ADRES.X	2020-01-31	response error	500
ADRET.X	2020-01-31	response error	500
ADRNY	2020-01-31	no data	
ADRUD.X	2020-01-31	response error	500
ADRUM.X	2020-01-31	response error	500
ADRUS.X	2020-01-31	none data	
ADRUT.X	2020-01-31	response error	500
ADRZF	2020-01-31	low data size	
ADRZY	2020-01-31	no data	
ADSW	2020-01-31	no data	
ADT	2020-01-31	no data	
ADTFF	2020-01-31	low data size	
ADTM	2020-01-31	no data	
ADTTF	2020-01-31	low data size	
ADVZF	2020-01-31	no data	
ADWPF	2020-01-31	low data size	
ADXDF	2020-01-31	low data size	
ADXRF	2020-01-31	low data size	
ADYEY	2020-01-31	response error	503
ADYX	2020-01-31	response error	503
ADYYF	2020-01-31	no data	
ADZCF	2020-01-31	no data	
ADZZF	2020-01-31	no data	
AE01.X	2020-01-31	no data	
AEBLF	2020-01-31	response error	503
AEBZY	2020-01-31	low data size	
AEDAUD.COMP	2020-01-31	low data size	
AEDAUD.EUAM	2020-01-31	low data size	
AEDBHD.COMP	2020-01-31	no data	
AEDBHD.EUAM	2020-01-31	no data	
AEDC	2020-01-31	no data	
AEDCAD.COMP	2020-01-31	low data size	
AEDCAD.EUAM	2020-01-31	low data size	
AEDCZK.COMP	2020-01-31	no data	
AEDCZK.EUAM	2020-01-31	no data	
AEDFF	2020-01-31	no data	
AEDGBP.COMP	2020-01-31	low data size	
AEDGBP.EUAM	2020-01-31	low data size	
AEDHKD.COMP	2020-01-31	no data	
AEDHKD.EUAM	2020-01-31	no data	
AEDHUF.COMP	2020-01-31	no data	
AEDHUF.EUAM	2020-01-31	no data	
AEDINR.COMP	2020-01-31	low data size	
AEDINR.EUAM	2020-01-31	low data size	
AEDISK.COMP	2020-01-31	no data	
AEDISK.MOR2	2020-01-31	no data	
AEDMXN.COMP	2020-01-31	no data	
AEDMXN.EUAM	2020-01-31	no data	
AEDNOK.COMP	2020-01-31	no data	
AEDNOK.EUAM	2020-01-31	no data	
AEDNZD.COMP	2020-01-31	low data size	
AEDNZD.EUAM	2020-01-31	low data size	
AEDPLN.COMP	2020-01-31	no data	
AEDPLN.EUAM	2020-01-31	no data	
AEDSAR.COMP	2020-01-31	no data	
AEDSAR.EUAM	2020-01-31	no data	
AEDSEK.COMP	2020-01-31	no data	
AEDSEK.EUAM	2020-01-31	no data	
AEDSGD.COMP	2020-01-31	no data	
AEDSGD.EUAM	2020-01-31	no data	
AEDTRY.COMP	2020-01-31	response error	503
AEDTRY.EUAM	2020-01-31	response error	503
AEDUSD.COMP	2020-01-31	low data size	
AEDUSD.EUAM	2020-01-31	low data size	
AEDUSD.SAXO	2020-01-31	no data	
AEDZAR.COMP	2020-01-31	low data size	
AEDZAR.EUAM	2020-01-31	low data size	
AEEX	2020-01-31	no data	
AEGOF	2020-01-31	low data size	
AEGY	2020-01-31	low data size	
AELIY	2020-01-31	no data	
AELTF	2020-01-31	low data size	
AEMMF	2020-01-31	low data size	
AEMMY	2020-01-31	no data	
AEOJF	2020-01-31	low data size	
AEOMF	2020-01-31	no data	
AEOXF	2020-01-31	no data	
AEP-B	2020-01-31	response error	503
AEPLF	2020-01-31	low data size	
AESEW	2020-01-31	response error	503
AESTY	2020-01-31	no data	
AEXAF	2020-01-31	low data size	
AEXAY	2020-01-31	no data	
AEXE	2020-01-31	no data	
AEXFF	2020-01-31	low data size	
AEYED	2020-01-31	no data	
AEYYF	2020-01-31	response error	503
AFAP	2020-01-31	low data size	
AFBG	2020-01-31	low data size	
AFBOF	2020-01-31	response error	500
AFCJF	2020-01-31	low data size	
AFCL	2020-01-31	low data size	
AFDVF	2020-01-31	no data	
AFFL	2020-01-31	low data size	
AFFS	2020-01-31	response error	503
AFFT	2020-01-31	response error	503
AFFU	2020-01-31	low data size	
AFFY	2020-01-31	no data	
AFGB	2020-01-31	response error	503
AFGC	2020-01-31	no data	
AFGE	2020-01-31	no data	
AFGH	2020-01-31	no data	
AFGR	2020-01-31	no data	
AFGVF	2020-01-31	low data size	
AFGVY	2020-01-31	no data	
AFHFF	2020-01-31	response error	503
AFI	2020-01-31	no data	
AFIDY	2020-01-31	response error	503
AFIF	2020-01-31	no data	
AFIMF	2020-01-31	low data size	
AFIPA	2020-01-31	low data size	
AFLQF	2020-01-31	no data	
AFNGBP.COMP	2020-01-31	no data	
AFNGBP.EUAM	2020-01-31	no data	
AFNL	2020-01-31	response error	500
AFNUSD.COMP	2020-01-31	no data	
AFNUSD.EUAM	2020-01-31	no data	
AFOM	2020-01-31	no data	
AFOVF	2020-01-31	low data size	
AFRAF	2020-01-31	low data size	
AFRMF	2020-01-31	no data	
AFRS	2020-01-31	low data size	
AFSIA	2020-01-31	response error	503
AFSIB	2020-01-31	response error	503
AFSIC	2020-01-31	response error	503
AFSIM	2020-01-31	response error	503
AFSIN	2020-01-31	response error	503
AFSIP	2020-01-31	response error	503
AFSLF	2020-01-31	low data size	
AFT	2020-01-31	no data	
AFTPF	2020-01-31	no data	
AFXXF	2020-01-31	response error	503
AFYG	2020-01-31	low data size	
AG01.X	2020-01-31	no data	
AG02.X	2020-01-31	no data	
AG03.X	2020-01-31	no data	
AGAAF	2020-01-31	response error	503
AGATF	2020-01-31	no data	
AGDXF	2020-01-31	low data size	
AGDY	2020-01-31	low data size	
AGESF	2020-01-31	no data	
AGFAF	2020-01-31	response error	503
AGFMF	2020-01-31	low data size	
AGFXF	2020-01-31	response error	503
AGGG	2020-01-31	no data	
AGGHF	2020-01-31	response error	503
AGGKY	2020-01-31	response error	503
AGGL	2020-01-31	low data size	
AGGX	2020-01-31	low data size	
AGHEF	2020-01-31	no data	
AGHI	2020-01-31	low data size	
AGI	2020-01-31	no data	
AGIN	2020-01-31	no data	
AGLAF	2020-01-31	low data size	
AGLDF	2020-01-31	low data size	
AGLNF	2020-01-31	low data size	
AGLXY	2020-01-31	no data	
AGLY	2020-01-31	response error	503
AGM-A	2020-01-31	no data	
AGM-C	2020-01-31	no data	
AGM-D	2020-01-31	response error	503
AGMJF	2020-01-31	low data size	
AGND.DV.X	2020-01-31	no data	
AGND.EU.X	2020-01-31	no data	
AGND.IV.X	2020-01-31	no data	
AGND.NV.X	2020-01-31	no data	
AGND.SO.X	2020-01-31	no data	
AGND.TC.X	2020-01-31	no data	
AGNIP	2020-01-31	response error	503
AGO-B	2020-01-31	no data	
AGO-E	2020-01-31	no data	
AGO-F	2020-01-31	no data	
AGOAF	2020-01-31	low data size	
AGOWF	2020-01-31	no data	
AGPDF	2020-01-31	low data size	
AGPIF	2020-01-31	low data size	
AGPKF	2020-01-31	response error	503
AGPL	2020-01-31	response error	503
AGPYF	2020-01-31	low data size	
AGPYY	2020-01-31	no data	
AGR	2020-01-31	no data	
AGRDF	2020-01-31	no data	
AGREF	2020-01-31	low data size	
AGRIP	2020-01-31	no data	
AGRNQ	2020-01-31	low data size	
AGRO	2020-01-31	no data	
AGRPF	2020-01-31	low data size	
AGRPY	2020-01-31	low data size	
AGRUF	2020-01-31	no data	
AGS	2020-01-31	no data	
AGSM	2020-01-31	low data size	
AGSVF	2020-01-31	no data	
AGTEF	2020-01-31	no data	
AGTX	2020-01-31	response error	503
AGX	2020-01-31	no data	
AGXKF	2020-01-31	low data size	
AGXLW	2020-01-31	response error	503
AGYTF	2020-01-31	low data size	
AGYYF	2020-01-31	no data	
AGZD.DV.X	2020-01-31	no data	
AGZD.EU.X	2020-01-31	no data	
AGZD.IV.X	2020-01-31	no data	
AGZD.NV.X	2020-01-31	no data	
AGZD.SO.X	2020-01-31	no data	
AGZD.TC.X	2020-01-31	no data	
AGZNF	2020-01-31	no data	
AHAD	2020-01-31	response error	503
AHCD	2020-01-31	no data	
AHCHY	2020-01-31	no data	
AHCP	2020-01-31	no data	
AHELD	2020-01-31	response error	503
AHFCF	2020-01-31	low data size	
AHFD	2020-01-31	no data	
AHGIF	2020-01-31	no data	
AHH	2020-01-31	no data	
AHH-A	2020-01-31	response error	503
AHICF	2020-01-31	no data	
AHII	2020-01-31	no data	
AHKSF	2020-01-31	low data size	
AHL-C	2020-01-31	no data	
AHL-D	2020-01-31	no data	
AHL-E	2020-01-31	response error	503
AHLLF	2020-01-31	no data	
AHNMF	2020-01-31	low data size	
AHNR	2020-01-31	low data size	
AHOTF	2020-01-31	no data	
AHT-F	2020-01-31	no data	
AHT-G	2020-01-31	no data	
AHT-H	2020-01-31	no data	
AHT-I	2020-01-31	no data	
AHWSF	2020-01-31	no data	
AI-B	2020-01-31	no data	
AI-C	2020-01-31	response error	503
AIA.DV.X	2020-01-31	no data	
AIA.SO.X	2020-01-31	response error	500
AIABF	2020-01-31	low data size	
AIAGF	2020-01-31	low data size	
AIAGY	2020-01-31	no data	
AIAPF	2020-01-31	no data	
AIBEF	2020-01-31	low data size	
AIBGY	2020-01-31	no data	
AIBIF	2020-01-31	low data size	
AIBRF	2020-01-31	no data	
AIC	2020-01-31	no data	
AIERF	2020-01-31	low data size	
AIF	2020-01-31	no data	
AIFIF	2020-01-31	no data	
AIG-A	2020-01-31	response error	503
AIG.WS	2020-01-31	no data	
AIHLF	2020-01-31	response error	503
AIHZF	2020-01-31	no data	
AIKO	2020-01-31	low data size	
AILFQ	2020-01-31	low data size	
AILIM	2020-01-31	low data size	
AILIN	2020-01-31	low data size	
AILIO	2020-01-31	low data size	
AILIP	2020-01-31	low data size	
AILLI	2020-01-31	low data size	
AILLM	2020-01-31	low data size	
AILLN	2020-01-31	low data size	
AILLO	2020-01-31	low data size	
AILNP	2020-01-31	low data size	
AIM1.X	2020-01-31	no data	
AIM5.X	2020-01-31	no data	
AIMSF	2020-01-31	no data	
AINPF	2020-01-31	no data	
AINSF	2020-01-31	low data size	
AIOM	2020-01-31	no data	
AIOSF	2020-01-31	no data	
AIPUF	2020-01-31	low data size	
AIPUY	2020-01-31	no data	
AIQUF	2020-01-31	low data size	
AIRR.DV.X	2020-01-31	no data	
AIRR.EU.X	2020-01-31	no data	
AIRR.IV.X	2020-01-31	no data	
AIRR.NV.X	2020-01-31	no data	
AIRR.SO.X	2020-01-31	no data	
AIRR.TC.X	2020-01-31	no data	
AIRRF	2020-01-31	no data	
AISLF	2020-01-31	low data size	
AISSF	2020-01-31	no data	
AITA	2020-01-31	no data	
AITUF	2020-01-31	response error	503
AITVF	2020-01-31	low data size	
AITX	2020-01-31	no data	
AIVI	2020-01-31	no data	
AIVTF	2020-01-31	no data	
AIW	2020-01-31	no data	
AIXN	2020-01-31	low data size	
AIXXF	2020-01-31	low data size	
AIZP	2020-01-31	no data	
AJBI	2020-01-31	no data	
AJIA	2020-01-31	no data	
AJINF	2020-01-31	low data size	
AJISF	2020-01-31	no data	
AJLGF	2020-01-31	low data size	
AJMPF	2020-01-31	low data size	
AJX	2020-01-31	no data	
AJXA	2020-01-31	no data	
AKAAF	2020-01-31	low data size	
AKABY	2020-01-31	no data	
AKAOQ	2020-01-31	response error	503
AKBIF	2020-01-31	low data size	
AKBIY	2020-01-31	no data	
AKBLF	2020-01-31	low data size	
AKCPF	2020-01-31	low data size	
AKEJF	2020-01-31	no data	
AKMNF	2020-01-31	no data	
AKOM	2020-01-31	response error	503
AKRFF	2020-01-31	no data	
AKRRF	2020-01-31	no data	
AKRTF	2020-01-31	no data	
AKRYY	2020-01-31	no data	
AKSJF	2020-01-31	no data	
AKTAF	2020-01-31	low data size	
AL	2020-01-31	no data	
AL-A	2020-01-31	response error	503
ALABF	2020-01-31	response error	503
ALACF	2020-01-31	no data	
ALARF	2020-01-31	no data	
ALBBY	2020-01-31	no data	
ALBHF	2020-01-31	no data	
ALBKF	2020-01-31	low data size	
ALC	2020-01-31	response error	503
ALCCF	2020-01-31	no data	
ALCGF	2020-01-31	response error	503
ALCN	2020-01-31	low data size	
ALDA	2020-01-31	no data	
ALDS	2020-01-31	response error	503
ALDVF	2020-01-31	low data size	
ALEAF	2020-01-31	no data	
ALEDY	2020-01-31	no data	
ALEX	2020-01-31	no data	
ALFA	2020-01-31	no data	
ALFC	2020-01-31	response error	503
ALFDF	2020-01-31	response error	503
ALFVF	2020-01-31	low data size	
ALFVY	2020-01-31	low data size	
ALGDF	2020-01-31	no data	
ALGGF	2020-01-31	no data	
ALGGY	2020-01-31	no data	
ALGWF	2020-01-31	no data	
ALGXY	2020-01-31	no data	
ALHHF	2020-01-31	no data	
ALID	2020-01-31	response error	503
ALITF	2020-01-31	low data size	
ALIWF	2020-01-31	no data	
ALIZF	2020-01-31	low data size	
ALKEF	2020-01-31	low data size	
ALKHF	2020-01-31	no data	
ALKM	2020-01-31	no data	
ALL-A	2020-01-31	no data	
ALL-B	2020-01-31	no data	
ALL-D	2020-01-31	no data	
ALL-E	2020-01-31	no data	
ALL-F	2020-01-31	no data	
ALL-G	2020-01-31	no data	
ALL-H	2020-01-31	response error	503
ALLDF	2020-01-31	no data	
ALLE	2020-01-31	no data	
ALLEUR.COMP	2020-01-31	no data	
ALLEUR.EUAM	2020-01-31	no data	
ALLGF	2020-01-31	no data	
ALLIF	2020-01-31	response error	503
ALLM	2020-01-31	response error	503
ALLPF	2020-01-31	no data	
ALLUSD.COMP	2020-01-31	no data	
ALLUSD.EUAM	2020-01-31	no data	
ALLVF	2020-01-31	no data	
ALLWF	2020-01-31	no data	
ALLXF	2020-01-31	low data size	
ALLY	2020-01-31	no data	
ALLY-A	2020-01-31	no data	
ALME	2020-01-31	low data size	
ALMFF	2020-01-31	low data size	
ALMMF	2020-01-31	low data size	
ALMTF	2020-01-31	no data	
ALNPF	2020-01-31	low data size	
ALNRF	2020-01-31	no data	
ALOD	2020-01-31	low data size	
ALP-Q	2020-01-31	no data	
ALPC	2020-01-31	response error	503
ALPIB	2020-01-31	response error	503
ALPKF	2020-01-31	no data	
ALPMY	2020-01-31	low data size	
ALPP	2020-01-31	no data	
ALRGF	2020-01-31	no data	
ALRHF	2020-01-31	no data	
ALSMY	2020-01-31	low data size	
ALSN	2020-01-31	no data	
ALSRF	2020-01-31	no data	
ALSSF	2020-01-31	low data size	
ALST	2020-01-31	no data	
ALTA	2020-01-31	no data	
ALTAF	2020-01-31	low data size	
ALTB	2020-01-31	no data	
ALTCY	2020-01-31	no data	
ALTD	2020-01-31	no data	
ALTGF	2020-01-31	response error	503
ALTKF	2020-01-31	low data size	
ALTKY	2020-01-31	low data size	
ALTMW	2020-01-31	no data	
ALTN	2020-01-31	low data size	
ALTPF	2020-01-31	no data	
ALTSF	2020-01-31	low data size	
ALVOF	2020-01-31	no data	
ALVRQ	2020-01-31	no data	
ALVVF	2020-01-31	no data	
ALXEF	2020-01-31	no data	
ALXXF	2020-01-31	no data	
AM	2020-01-31	no data	
AMADF	2020-01-31	no data	
AMADY	2020-01-31	no data	
AMANF	2020-01-31	no data	
AMAVF	2020-01-31	low data size	
AMBBY	2020-01-31	no data	
AMBFF	2020-01-31	no data	
AMBKP	2020-01-31	low data size	
AMBOY	2020-01-31	no data	
AMBS	2020-01-31	no data	
AMC	2020-01-31	no data	
AMCA.DV.X	2020-01-31	no data	
AMCA.EU.X	2020-01-31	no data	
AMCA.IV.X	2020-01-31	no data	
AMCA.NV.X	2020-01-31	no data	
AMCA.SO.X	2020-01-31	no data	
AMCA.TC.X	2020-01-31	no data	
AMCCF	2020-01-31	response error	503
AMCF	2020-01-31	no data	
AMCO	2020-01-31	no data	
AMCR	2020-01-31	response error	503
AMCT	2020-01-31	no data	
AMCUF	2020-01-31	response error	500
AMCY	2020-01-31	low data size	
AMDDW	2020-01-31	no data	
AMDHF	2020-01-31	low data size	
AMDLY	2020-01-31	low data size	
AMDUSD.COMP	2020-01-31	no data	
AMDUSD.EUAM	2020-01-31	no data	
AMDWF	2020-01-31	no data	
AMEUF	2020-01-31	no data	
AMFPF	2020-01-31	low data size	
AMGDF	2020-01-31	response error	503
AMH-D	2020-01-31	no data	
AMH-E	2020-01-31	no data	
AMH-F	2020-01-31	no data	
AMH-G	2020-01-31	no data	
AMH-H	2020-01-31	no data	
AMHPF	2020-01-31	low data size	
AMHRP	2020-01-31	no data	
AMHV	2020-01-31	response error	503
AMIGY	2020-01-31	low data size	
AMIUF	2020-01-31	response error	503
AMIVF	2020-01-31	no data	
AMK	2020-01-31	response error	503
AMKAF	2020-01-31	low data size	
AMKBF	2020-01-31	low data size	
AMKBY	2020-01-31	no data	
AMKYF	2020-01-31	no data	
AMLC	2020-01-31	low data size	
AMLM	2020-01-31	low data size	
AMLTF	2020-01-31	low data size	
AMLYY	2020-01-31	no data	
AMMCF	2020-01-31	low data size	
AMMHF	2020-01-31	response error	503
AMNC	2020-01-31	no data	
AMNCB	2020-01-31	no data	
AMNP	2020-01-31	low data size	
AMOCF	2020-01-31	response error	503
AMOO	2020-01-31	no data	
AMPG	2020-01-31	no data	
AMPLQ	2020-01-31	no data	
AMPO	2020-01-31	response error	503
AMPY	2020-01-31	no data	
AMPYW	2020-01-31	no data	
AMRA	2020-01-31	no data	
AMRC	2020-01-31	no data	
AMRCF	2020-01-31	response error	503
AMRPF	2020-01-31	response error	500
AMRQQ	2020-01-31	response error	503
AMRR	2020-01-31	no data	
AMRT	2020-01-31	low data size	
AMRWF	2020-01-31	low data size	
AMRWQ	2020-01-31	response error	503
AMRX	2020-01-31	no data	
AMRZF	2020-01-31	no data	
AMSA	2020-01-31	low data size	
AMSE	2020-01-31	no data	
AMSIY	2020-01-31	low data size	
AMSLF	2020-01-31	low data size	
AMSSY	2020-01-31	no data	
AMSU	2020-01-31	low data size	
AMSYF	2020-01-31	low data size	
AMVGF	2020-01-31	low data size	
AMVMF	2020-01-31	low data size	
AMXEF	2020-01-31	low data size	
ANAV	2020-01-31	no data	
ANCE	2020-01-31	no data	
ANCTF	2020-01-31	low data size	
ANDC	2020-01-31	no data	
ANDD	2020-01-31	no data	
ANDGF	2020-01-31	no data	
ANDI	2020-01-31	no data	
ANDOF	2020-01-31	no data	
ANET	2020-01-31	no data	
ANEWF	2020-01-31	low data size	
ANFC	2020-01-31	no data	
ANFI	2020-01-31	no data	
ANGBF	2020-01-31	low data size	
ANGGBP.COMP	2020-01-31	no data	
ANGGBP.EUAM	2020-01-31	no data	
ANGPY	2020-01-31	no data	
ANGSRD.COMP	2020-01-31	no data	
ANGSRD.EUAM	2020-01-31	no data	
ANGUSD.COMP	2020-01-31	no data	
ANGUSD.EUAM	2020-01-31	no data	
ANH-C	2020-01-31	no data	
ANHGY	2020-01-31	no data	
ANIOY	2020-01-31	low data size	
ANKOF	2020-01-31	no data	
ANLBF	2020-01-31	no data	
ANLDF	2020-01-31	no data	
ANLKY	2020-01-31	no data	
ANMP	2020-01-31	no data	
ANNIF	2020-01-31	no data	
ANNMF	2020-01-31	no data	
ANNSF	2020-01-31	no data	
ANPCF	2020-01-31	no data	
ANPCY	2020-01-31	no data	
ANPDF	2020-01-31	low data size	
ANPDY	2020-01-31	low data size	
ANPFF	2020-01-31	no data	
ANPOF	2020-01-31	no data	
ANRCF	2020-01-31	no data	
ANSLF	2020-01-31	low data size	
ANSLY	2020-01-31	low data size	
ANSU	2020-01-31	no data	
ANTGF	2020-01-31	no data	
ANTH	2020-01-31	no data	
ANTI	2020-01-31	low data size	
ANTOF	2020-01-31	no data	
ANVV	2020-01-31	no data	
ANXGF	2020-01-31	no data	
ANYB	2020-01-31	no data	
ANZFF	2020-01-31	low data size	
ANZLY	2020-01-31	no data	
AOBI	2020-01-31	no data	
AOCIF	2020-01-31	no data	
AOECF	2020-01-31	no data	
AONCF	2020-01-31	no data	
AONNF	2020-01-31	low data size	
AOOO	2020-01-31	low data size	
AORGF	2020-01-31	no data	
AOS	2020-01-31	no data	
AOTHF	2020-01-31	no data	
AOTUF	2020-01-31	low data size	
AOVTF	2020-01-31	low data size	
AOWDF	2020-01-31	no data	
AOXG	2020-01-31	no data	
AOZOF	2020-01-31	no data	
AOZOY	2020-01-31	no data	
APAAF	2020-01-31	no data	
APAJF	2020-01-31	low data size	
APAM	2020-01-31	no data	
APBCF	2020-01-31	no data	
APCOF	2020-01-31	no data	
APDSF	2020-01-31	low data size	
APELF	2020-01-31	low data size	
APEMY	2020-01-31	no data	
APEOF	2020-01-31	low data size	
APEUF	2020-01-31	no data	
APEXF	2020-01-31	low data size	
APGI	2020-01-31	no data	
APGMF	2020-01-31	no data	
APHA	2020-01-31	no data	
APHD	2020-01-31	no data	
APHE	2020-01-31	no data	
APHTF	2020-01-31	no data	
APLE	2020-01-31	no data	
APLO	2020-01-31	low data size	
APLVF	2020-01-31	low data size	
APMCF	2020-01-31	low data size	
APMSF	2020-01-31	no data	
APNHF	2020-01-31	low data size	
APNHY	2020-01-31	low data size	
APNR	2020-01-31	no data	
APO	2020-01-31	no data	
APO-A	2020-01-31	no data	
APO-B	2020-01-31	no data	
APPB	2020-01-31	no data	
APPCF	2020-01-31	no data	
APPEF	2020-01-31	no data	
APPG	2020-01-31	no data	
APPZ	2020-01-31	no data	
APQT	2020-01-31	no data	
APRAF	2020-01-31	low data size	
APRDO	2020-01-31	low data size	
APRDP	2020-01-31	low data size	
APRN	2020-01-31	no data	
APRRF	2020-01-31	no data	
APRWF	2020-01-31	no data	
APSI	2020-01-31	no data	
APTCF	2020-01-31	low data size	
APTEF	2020-01-31	response error	503
APTL	2020-01-31	low data size	
APTPF	2020-01-31	no data	
APTS	2020-01-31	no data	
APTTF	2020-01-31	no data	
APTV	2020-01-31	no data	
APTY	2020-01-31	no data	
APVTW	2020-01-31	response error	503
APXNF	2020-01-31	no data	
APY	2020-01-31	no data	
APYI	2020-01-31	low data size	
APYP	2020-01-31	no data	
APYRF	2020-01-31	low data size	
AQ	2020-01-31	no data	
AQBN	2020-01-31	no data	
AQCP	2020-01-31	low data size	
AQFD	2020-01-31	no data	
AQFH	2020-01-31	no data	
AQN	2020-01-31	no data	
AQNA	2020-01-31	no data	
AQNB	2020-01-31	response error	503
AQQRF	2020-01-31	no data	
AQQSQ	2020-01-31	no data	
AQSP	2020-01-31	low data size	
AQSZF	2020-01-31	no data	
AQUA	2020-01-31	no data	
AR	2020-01-31	no data	
ARA	2020-01-31	no data	
ARAO	2020-01-31	no data	
ARAT	2020-01-31	no data	
ARBFF	2020-01-31	no data	
ARBI	2020-01-31	low data size	
ARCH	2020-01-31	no data	
ARCM	2020-01-31	no data	
ARCM.IV.X	2020-01-31	no data	
ARCO	2020-01-31	no data	
ARCS	2020-01-31	no data	
ARCUF	2020-01-31	no data	
ARCVF	2020-01-31	low data size	
ARCXF	2020-01-31	low data size	
ARD	2020-01-31	no data	
ARDC	2020-01-31	no data	
ARDMQ	2020-01-31	response error	503
ARDWF	2020-01-31	low data size	
ARDZF	2020-01-31	no data	
ARE-D	2020-01-31	low data size	
AREB	2020-01-31	no data	
ARECW	2020-01-31	response error	503
ARES	2020-01-31	no data	
ARES-A	2020-01-31	no data	
AREVF	2020-01-31	response error	503
ARFXF	2020-01-31	low data size	
ARGB	2020-01-31	low data size	
ARGC	2020-01-31	no data	
ARGD	2020-01-31	no data	
ARGEF	2020-01-31	no data	
ARGGY	2020-01-31	response error	503
ARGNF	2020-01-31	no data	
ARGQ	2020-01-31	no data	
ARGYF	2020-01-31	no data	
ARHCF	2020-01-31	low data size	
ARHH	2020-01-31	no data	
ARHI	2020-01-31	low data size	
ARHOF	2020-01-31	no data	
ARHUF	2020-01-31	no data	
ARHVF	2020-01-31	no data	
ARI	2020-01-31	low data size	
ARKAF	2020-01-31	low data size	
ARKTF	2020-01-31	low data size	
ARLLF	2020-01-31	no data	
ARLO	2020-01-31	no data	
ARMC	2020-01-31	no data	
ARMK	2020-01-31	no data	
ARMVF	2020-01-31	no data	
ARMZF	2020-01-31	response error	503
ARNGF	2020-01-31	no data	
ARNI	2020-01-31	low data size	
AROFF	2020-01-31	no data	
AROSF	2020-01-31	no data	
ARPC	2020-01-31	low data size	
ARPTF	2020-01-31	no data	
ARR	2020-01-31	no data	
ARR-B	2020-01-31	no data	
ARRAF	2020-01-31	no data	
ARRHW	2020-01-31	no data	
ARRJF	2020-01-31	no data	
ARRPY	2020-01-31	no data	
ARRRF	2020-01-31	no data	
ARRT	2020-01-31	no data	
ARRXF	2020-01-31	response error	503
ARSC	2020-01-31	no data	
ARSCLP.COMP	2020-01-31	no data	
ARSCLP.EUAM	2020-01-31	no data	
ARSCOP.COMP	2020-01-31	no data	
ARSCOP.EUAM	2020-01-31	no data	
ARSDKK.COMP	2020-01-31	no data	
ARSDKK.MOR2	2020-01-31	no data	
ARSMF	2020-01-31	no data	
ARSN	2020-01-31	no data	
ARSP	2020-01-31	no data	
ARSPEN.COMP	2020-01-31	no data	
ARSPEN.EUAM	2020-01-31	no data	
ARSSF	2020-01-31	response error	503
ARST	2020-01-31	no data	
ARSUF	2020-01-31	no data	
ARSZAR.COMP	2020-01-31	no data	
ARSZAR.EUAM	2020-01-31	no data	
ARTAF	2020-01-31	response error	503
ARTH	2020-01-31	no data	
ARTNB	2020-01-31	low data size	
ARTTF	2020-01-31	no data	
ARTZF	2020-01-31	low data size	
ARUXF	2020-01-31	low data size	
ARWGF	2020-01-31	no data	
ARWJF	2020-01-31	low data size	
ARXRF	2020-01-31	low data size	
ARXXL	2020-01-31	no data	
ARYC	2020-01-31	low data size	
ARZGF	2020-01-31	low data size	
ARZGY	2020-01-31	low data size	
ARZTF	2020-01-31	low data size	
ARZTY	2020-01-31	no data	
ASAB	2020-01-31	no data	
ASASF	2020-01-31	no data	
ASAZY	2020-01-31	low data size	
ASB-C	2020-01-31	no data	
ASB-D	2020-01-31	no data	
ASB-E	2020-01-31	no data	
ASBFF	2020-01-31	low data size	
ASBRY	2020-01-31	low data size	
ASC	2020-01-31	no data	
ASCC	2020-01-31	no data	
ASCCF	2020-01-31	low data size	
ASCCY	2020-01-31	no data	
ASCJF	2020-01-31	low data size	
ASCK	2020-01-31	no data	
ASCKD	2020-01-31	no data	
ASCMB	2020-01-31	low data size	
ASCN	2020-01-31	low data size	
ASCS	2020-01-31	no data	
ASDN	2020-01-31	low data size	
ASDOF	2020-01-31	low data size	
ASDRF	2020-01-31	no data	
ASEJF	2020-01-31	low data size	
ASEKF	2020-01-31	low data size	
ASEKY	2020-01-31	low data size	
ASET.DV.X	2020-01-31	no data	
ASET.EU.X	2020-01-31	no data	
ASET.IV.X	2020-01-31	no data	
ASET.NV.X	2020-01-31	no data	
ASET.SO.X	2020-01-31	no data	
ASET.TC.X	2020-01-31	no data	
ASGLF	2020-01-31	low data size	
ASGOF	2020-01-31	no data	
ASGTF	2020-01-31	no data	
ASHTY	2020-01-31	no data	
ASHXF	2020-01-31	low data size	
ASHYF	2020-01-31	no data	
ASIN	2020-01-31	no data	
ASIUQ	2020-01-31	no data	
ASIX	2020-01-31	no data	
ASKE	2020-01-31	no data	
ASKH	2020-01-31	no data	
ASKTF	2020-01-31	no data	
ASLEF	2020-01-31	no data	
ASMIY	2020-01-31	no data	
ASMLF	2020-01-31	no data	
ASMVF	2020-01-31	low data size	
ASMVY	2020-01-31	no data	
ASNB	2020-01-31	no data	
ASNCF	2020-01-31	low data size	
ASNHF	2020-01-31	no data	
ASNT	2020-01-31	no data	
ASNXF	2020-01-31	no data	
ASOMF	2020-01-31	low data size	
ASOMY	2020-01-31	no data	
ASOZF	2020-01-31	no data	
ASOZY	2020-01-31	no data	
ASPCF	2020-01-31	response error	503
ASPN	2020-01-31	no data	
ASPR	2020-01-31	no data	
ASPT	2020-01-31	no data	
ASPW	2020-01-31	low data size	
ASPXF	2020-01-31	no data	
ASRAF	2020-01-31	no data	
ASRMF	2020-01-31	low data size	
ASRRF	2020-01-31	no data	
ASTO	2020-01-31	low data size	
ASTPF	2020-01-31	no data	
ASTTF	2020-01-31	no data	
ASTVF	2020-01-31	no data	
ASUUY	2020-01-31	no data	
ASUXF	2020-01-31	low data size	
ASX	2020-01-31	no data	
ASXFY	2020-01-31	no data	
ASXX.X	2020-01-31	no data	
AT	2020-01-31	no data	
ATANF	2020-01-31	no data	
ATAR	2020-01-31	no data	
ATASF	2020-01-31	low data size	
ATASY	2020-01-31	low data size	
ATAZF	2020-01-31	no data	
ATBHF	2020-01-31	no data	
ATBPF	2020-01-31	no data	
ATBSF	2020-01-31	low data size	
ATBYF	2020-01-31	no data	
ATCD	2020-01-31	low data size	
ATCMF	2020-01-31	no data	
ATCN	2020-01-31	low data size	
ATCV	2020-01-31	no data	
ATDEF	2020-01-31	low data size	
ATDRF	2020-01-31	no data	
ATDRY	2020-01-31	no data	
ATEN	2020-01-31	no data	
ATEYY	2020-01-31	no data	
ATGAF	2020-01-31	response error	503
ATGFF	2020-01-31	no data	
ATGGF	2020-01-31	no data	
ATGSF	2020-01-31	low data size	
ATGSY	2020-01-31	no data	
ATGVF	2020-01-31	no data	
ATH	2020-01-31	no data	
ATH-A	2020-01-31	response error	503
ATH-B	2020-01-31	response error	503
ATHI	2020-01-31	no data	
ATHJF	2020-01-31	low data size	
ATHM	2020-01-31	no data	
ATHOF	2020-01-31	no data	
ATIW	2020-01-31	low data size	
ATIXF	2020-01-31	no data	
ATKR	2020-01-31	no data	
ATLEF	2020-01-31	no data	
ATLGF	2020-01-31	low data size	
ATLKF	2020-01-31	low data size	
ATLT	2020-01-31	no data	
ATMP	2020-01-31	no data	
ATNNF	2020-01-31	no data	
ATNWW	2020-01-31	no data	
ATONF	2020-01-31	no data	
ATONY	2020-01-31	no data	
ATOR	2020-01-31	low data size	
ATOWW	2020-01-31	no data	
ATOXF	2020-01-31	no data	
ATPGQ	2020-01-31	no data	
ATRBF	2020-01-31	low data size	
ATRCF	2020-01-31	response error	503
ATRGF	2020-01-31	no data	
ATRLF	2020-01-31	no data	
ATRRF	2020-01-31	no data	
ATRVF	2020-01-31	no data	
ATSKF	2020-01-31	response error	503
ATTBF	2020-01-31	no data	
ATTGF	2020-01-31	no data	
ATTLF	2020-01-31	no data	
ATTO	2020-01-31	no data	
ATURF	2020-01-31	no data	
ATUS	2020-01-31	no data	
ATUUF	2020-01-31	no data	
ATVDY	2020-01-31	no data	
ATVK	2020-01-31	no data	
ATVOF	2020-01-31	no data	
ATVVF	2020-01-31	no data	
ATVXF	2020-01-31	no data	
ATXDY	2020-01-31	no data	
ATXG	2020-01-31	no data	
ATXMF	2020-01-31	low data size	
ATYM	2020-01-31	low data size	
ATZAF	2020-01-31	no data	
AUBOF	2020-01-31	response error	503
AUCOY	2020-01-31	no data	
AUDAED.COMP	2020-01-31	no data	
AUDAED.EUAM	2020-01-31	no data	
AUDBGN.COMP	2020-01-31	no data	
AUDBGN.EUAM	2020-01-31	no data	
AUDCAD.MORN	2020-01-31	no data	
AUDCAD.SURF	2020-01-31	no data	
AUDCAD.UWCL	2020-01-31	no data	
AUDCAD10M.COMP	2020-01-31	no data	
AUDCAD10M.SURF	2020-01-31	no data	
AUDCAD11M.COMP	2020-01-31	no data	
AUDCAD11M.SURF	2020-01-31	no data	
AUDCAD12M.COMP	2020-01-31	no data	
AUDCAD12M.SURF	2020-01-31	no data	
AUDCAD1M.COMP	2020-01-31	no data	
AUDCAD1M.SURF	2020-01-31	no data	
AUDCAD1W.COMP	2020-01-31	no data	
AUDCAD1W.SURF	2020-01-31	no data	
AUDCAD24M.COMP	2020-01-31	no data	
AUDCAD24M.SURF	2020-01-31	no data	
AUDCAD2M.COMP	2020-01-31	no data	
AUDCAD2M.SURF	2020-01-31	no data	
AUDCAD2W.COMP	2020-01-31	no data	
AUDCAD2W.SURF	2020-01-31	no data	
AUDCAD3M.COMP	2020-01-31	no data	
AUDCAD3M.SURF	2020-01-31	no data	
AUDCAD3W.COMP	2020-01-31	no data	
AUDCAD3W.SURF	2020-01-31	no data	
AUDCAD4M.COMP	2020-01-31	no data	
AUDCAD4M.SURF	2020-01-31	no data	
AUDCAD5M.COMP	2020-01-31	no data	
AUDCAD5M.SURF	2020-01-31	no data	
AUDCAD6M.COMP	2020-01-31	no data	
AUDCAD6M.SURF	2020-01-31	no data	
AUDCAD7M.COMP	2020-01-31	no data	
AUDCAD7M.SURF	2020-01-31	no data	
AUDCAD8M.COMP	2020-01-31	no data	
AUDCAD8M.SURF	2020-01-31	no data	
AUDCAD9M.COMP	2020-01-31	no data	
AUDCAD9M.SURF	2020-01-31	no data	
AUDCADON.COMP	2020-01-31	no data	
AUDCADON.SURF	2020-01-31	no data	
AUDCADSN.COMP	2020-01-31	no data	
AUDCADSN.SURF	2020-01-31	no data	
AUDCADTN.COMP	2020-01-31	no data	
AUDCADTN.SURF	2020-01-31	no data	
AUDCHF.CMC	2020-01-31	no data	
AUDCHF.MORN	2020-01-31	no data	
AUDCHF.SURF	2020-01-31	no data	
AUDCHF.UWCL	2020-01-31	no data	
AUDCHF10M.COMP	2020-01-31	no data	
AUDCHF10M.SURF	2020-01-31	no data	
AUDCHF11M.COMP	2020-01-31	no data	
AUDCHF11M.SURF	2020-01-31	no data	
AUDCHF12M.COMP	2020-01-31	response error	500
AUDCHF12M.SURF	2020-01-31	no data	
AUDCHF12M.UBSW	2020-01-31	response error	500
AUDCHF1M.COMP	2020-01-31	response error	500
AUDCHF1M.SURF	2020-01-31	no data	
AUDCHF1M.UBSW	2020-01-31	response error	500
AUDCHF1W.COMP	2020-01-31	response error	500
AUDCHF1W.SURF	2020-01-31	no data	
AUDCHF1W.UBSW	2020-01-31	response error	500
AUDCHF24M.COMP	2020-01-31	no data	
AUDCHF24M.SURF	2020-01-31	no data	
AUDCHF2M.COMP	2020-01-31	response error	500
AUDCHF2M.SURF	2020-01-31	no data	
AUDCHF2M.UBSW	2020-01-31	response error	500
AUDCHF2W.COMP	2020-01-31	no data	
AUDCHF2W.SURF	2020-01-31	no data	
AUDCHF3M.COMP	2020-01-31	low data size	
AUDCHF3M.SURF	2020-01-31	no data	
AUDCHF3M.UBSW	2020-01-31	low data size	
AUDCHF3W.COMP	2020-01-31	no data	
AUDCHF3W.SURF	2020-01-31	no data	
AUDCHF4M.COMP	2020-01-31	no data	
AUDCHF4M.SURF	2020-01-31	no data	
AUDCHF5M.COMP	2020-01-31	no data	
AUDCHF5M.SURF	2020-01-31	no data	
AUDCHF6M.COMP	2020-01-31	response error	500
AUDCHF6M.SURF	2020-01-31	no data	
AUDCHF6M.UBSW	2020-01-31	response error	500
AUDCHF7M.COMP	2020-01-31	no data	
AUDCHF7M.SURF	2020-01-31	no data	
AUDCHF8M.COMP	2020-01-31	no data	
AUDCHF8M.SURF	2020-01-31	no data	
AUDCHF9M.COMP	2020-01-31	no data	
AUDCHF9M.SURF	2020-01-31	no data	
AUDCHFON.COMP	2020-01-31	no data	
AUDCHFON.SURF	2020-01-31	no data	
AUDCHFSN.COMP	2020-01-31	no data	
AUDCHFSN.SURF	2020-01-31	no data	
AUDCHFTN.COMP	2020-01-31	no data	
AUDCHFTN.SURF	2020-01-31	no data	
AUDCLP.COMP	2020-01-31	no data	
AUDCLP.EUAM	2020-01-31	no data	
AUDCNH.CMC	2020-01-31	no data	
AUDCNH.COMP	2020-01-31	no data	
AUDCNH.RADA	2020-01-31	no data	
AUDCNH.SAXO	2020-01-31	no data	
AUDCZK.CMC	2020-01-31	no data	
AUDDKK.CMC	2020-01-31	no data	
AUDDKK.MOR2	2020-01-31	no data	
AUDDKK.SURF	2020-01-31	no data	
AUDEUR.CMC	2020-01-31	no data	
AUDEUR.MORN	2020-01-31	no data	
AUDEUR.SURF	2020-01-31	no data	
AUDGBP.ABBA	2020-01-31	low data size	
AUDGBP.CMC	2020-01-31	no data	
AUDGBP.MORN	2020-01-31	no data	
AUDGBP.SURF	2020-01-31	no data	
AUDGF	2020-01-31	response error	503
AUDHKD.CMC	2020-01-31	no data	
AUDHKD.MORN	2020-01-31	no data	
AUDHKD.SAXO	2020-01-31	no data	
AUDHKD.SURF	2020-01-31	no data	
AUDHRK.COMP	2020-01-31	no data	
AUDHRK.EUAM	2020-01-31	no data	
AUDHUF.ABBA	2020-01-31	low data size	
AUDHUF.CMC	2020-01-31	no data	
AUDHUF.MORN	2020-01-31	no data	
AUDIDR.ABBA	2020-01-31	low data size	
AUDIDR.MORN	2020-01-31	no data	
AUDINR.ABBA	2020-01-31	low data size	
AUDINR.MORN	2020-01-31	no data	
AUDISK.MOR2	2020-01-31	no data	
AUDJPY.BNPF	2020-01-31	no data	
AUDJPY.CMC	2020-01-31	no data	
AUDJPY.MORN	2020-01-31	no data	
AUDJPY.SURF	2020-01-31	no data	
AUDJPY.UWCL	2020-01-31	no data	
AUDJPY10M.COMP	2020-01-31	response error	500
AUDJPY10M.SURF	2020-01-31	no data	
AUDJPY11M.COMP	2020-01-31	response error	500
AUDJPY11M.SURF	2020-01-31	no data	
AUDJPY12M.COMP	2020-01-31	response error	500
AUDJPY12M.SURF	2020-01-31	no data	
AUDJPY1M.BNPF	2020-01-31	no data	
AUDJPY1M.COMP	2020-01-31	response error	500
AUDJPY1M.SURF	2020-01-31	no data	
AUDJPY1W.COMP	2020-01-31	response error	500
AUDJPY1W.SURF	2020-01-31	no data	
AUDJPY24M.COMP	2020-01-31	response error	500
AUDJPY24M.SURF	2020-01-31	no data	
AUDJPY2M.COMP	2020-01-31	response error	500
AUDJPY2M.SURF	2020-01-31	no data	
AUDJPY2W.COMP	2020-01-31	response error	500
AUDJPY2W.SURF	2020-01-31	no data	
AUDJPY3M.BNPF	2020-01-31	no data	
AUDJPY3M.COMP	2020-01-31	response error	500
AUDJPY3M.SURF	2020-01-31	no data	
AUDJPY3W.COMP	2020-01-31	response error	500
AUDJPY3W.SURF	2020-01-31	no data	
AUDJPY4M.COMP	2020-01-31	response error	500
AUDJPY4M.SURF	2020-01-31	no data	
AUDJPY5M.COMP	2020-01-31	response error	500
AUDJPY5M.SURF	2020-01-31	no data	
AUDJPY6M.COMP	2020-01-31	response error	500
AUDJPY6M.SURF	2020-01-31	no data	
AUDJPY7M.COMP	2020-01-31	response error	500
AUDJPY7M.SURF	2020-01-31	no data	
AUDJPY8M.COMP	2020-01-31	response error	500
AUDJPY8M.SURF	2020-01-31	no data	
AUDJPY9M.COMP	2020-01-31	response error	500
AUDJPY9M.SURF	2020-01-31	no data	
AUDJPYSN.COMP	2020-01-31	response error	500
AUDJPYSN.SURF	2020-01-31	no data	
AUDJPYTN.COMP	2020-01-31	response error	500
AUDJPYTN.SURF	2020-01-31	no data	
AUDLFX.COMP	2020-01-31	no data	
AUDLFX.UWCL	2020-01-31	no data	
AUDLTL.COMP	2020-01-31	no data	
AUDLTL.EUAM	2020-01-31	no data	
AUDMAD.COMP	2020-01-31	no data	
AUDMAD.EUAM	2020-01-31	no data	
AUDMXN.CMC	2020-01-31	no data	
AUDMXN.SAXO	2020-01-31	no data	
AUDNOK.CMC	2020-01-31	no data	
AUDNOK.MOR2	2020-01-31	no data	
AUDNOK.SAXO	2020-01-31	no data	
AUDNOK.SURF	2020-01-31	no data	
AUDNZD.ABBA	2020-01-31	low data size	
AUDNZD.BNPF	2020-01-31	no data	
AUDNZD.CMC	2020-01-31	no data	
AUDNZD.MORN	2020-01-31	no data	
AUDNZD.SURF	2020-01-31	no data	
AUDNZD.UWCL	2020-01-31	no data	
AUDNZD10M.COMP	2020-01-31	response error	500
AUDNZD10M.SURF	2020-01-31	no data	
AUDNZD11M.COMP	2020-01-31	response error	500
AUDNZD11M.SURF	2020-01-31	no data	
AUDNZD12M.COMP	2020-01-31	response error	500
AUDNZD12M.SURF	2020-01-31	no data	
AUDNZD1M.BNPF	2020-01-31	no data	
AUDNZD1M.COMP	2020-01-31	response error	500
AUDNZD1M.SURF	2020-01-31	no data	
AUDNZD1W.COMP	2020-01-31	response error	500
AUDNZD1W.SURF	2020-01-31	no data	
AUDNZD24M.COMP	2020-01-31	response error	500
AUDNZD24M.SURF	2020-01-31	no data	
AUDNZD2M.COMP	2020-01-31	response error	500
AUDNZD2M.SURF	2020-01-31	no data	
AUDNZD2W.COMP	2020-01-31	response error	500
AUDNZD2W.SURF	2020-01-31	no data	
AUDNZD3M.BNPF	2020-01-31	no data	
AUDNZD3M.COMP	2020-01-31	response error	500
AUDNZD3M.SURF	2020-01-31	no data	
AUDNZD3W.COMP	2020-01-31	response error	500
AUDNZD3W.SURF	2020-01-31	no data	
AUDNZD4M.COMP	2020-01-31	response error	500
AUDNZD4M.SURF	2020-01-31	no data	
AUDNZD5M.COMP	2020-01-31	response error	500
AUDNZD5M.SURF	2020-01-31	no data	
AUDNZD6M.COMP	2020-01-31	response error	500
AUDNZD6M.SURF	2020-01-31	no data	
AUDNZD7M.COMP	2020-01-31	response error	500
AUDNZD7M.SURF	2020-01-31	no data	
AUDNZD8M.COMP	2020-01-31	response error	500
AUDNZD8M.SURF	2020-01-31	no data	
AUDNZD9M.COMP	2020-01-31	response error	500
AUDNZD9M.SURF	2020-01-31	no data	
AUDNZDSN.COMP	2020-01-31	response error	500
AUDNZDSN.SURF	2020-01-31	no data	
AUDNZDTN.COMP	2020-01-31	response error	500
AUDNZDTN.SURF	2020-01-31	no data	
AUDPGK.COMP	2020-01-31	no data	
AUDPGK.EUAM	2020-01-31	no data	
AUDPHP.COMP	2020-01-31	no data	
AUDPHP.EUAM	2020-01-31	no data	
AUDPLN.CMC	2020-01-31	no data	
AUDRON.COMP	2020-01-31	response error	503
AUDRON.EUAM	2020-01-31	response error	503
AUDRUB.COMP	2020-01-31	no data	
AUDRUB.EUAM	2020-01-31	no data	
AUDSDR.COMP	2020-01-31	no data	
AUDSDR.EUAM	2020-01-31	no data	
AUDSEK.CMC	2020-01-31	no data	
AUDSEK.MOR2	2020-01-31	no data	
AUDSEK.SAXO	2020-01-31	no data	
AUDSEK.SURF	2020-01-31	no data	
AUDSGD.ABBA	2020-01-31	low data size	
AUDSGD.CMC	2020-01-31	no data	
AUDSGD.MORN	2020-01-31	no data	
AUDSGD.SURF	2020-01-31	no data	
AUDTOP.COMP	2020-01-31	no data	
AUDTOP.EUAM	2020-01-31	no data	
AUDTRY.CMC	2020-01-31	no data	
AUDTRY.COMP	2020-01-31	no data	
AUDTRY.SAXO	2020-01-31	no data	
AUDUSD.BNPF	2020-01-31	no data	
AUDUSD.CMC	2020-01-31	no data	
AUDUSD.MOR2	2020-01-31	no data	
AUDUSD.MORN	2020-01-31	no data	
AUDUSD.SURF	2020-01-31	no data	
AUDUSD.UWCL	2020-01-31	no data	
AUDUSD10M.COMP	2020-01-31	response error	500
AUDUSD10M.SURF	2020-01-31	no data	
AUDUSD11M.COMP	2020-01-31	response error	500
AUDUSD11M.SURF	2020-01-31	no data	
AUDUSD12M.COMP	2020-01-31	response error	500
AUDUSD12M.SURF	2020-01-31	no data	
AUDUSD1M.BNPF	2020-01-31	no data	
AUDUSD1M.COMP	2020-01-31	response error	500
AUDUSD1M.SURF	2020-01-31	no data	
AUDUSD1W.COMP	2020-01-31	response error	500
AUDUSD1W.SURF	2020-01-31	no data	
AUDUSD24M.COMP	2020-01-31	response error	500
AUDUSD24M.SURF	2020-01-31	no data	
AUDUSD2M.COMP	2020-01-31	response error	500
AUDUSD2M.SURF	2020-01-31	no data	
AUDUSD2W.COMP	2020-01-31	response error	500
AUDUSD2W.SURF	2020-01-31	no data	
AUDUSD36M.COMP	2020-01-31	response error	500
AUDUSD36M.SURF	2020-01-31	no data	
AUDUSD3M.BNPF	2020-01-31	no data	
AUDUSD3M.COMP	2020-01-31	response error	500
AUDUSD3M.SURF	2020-01-31	no data	
AUDUSD3W.COMP	2020-01-31	response error	500
AUDUSD3W.SURF	2020-01-31	no data	
AUDUSD4M.COMP	2020-01-31	response error	500
AUDUSD4M.SURF	2020-01-31	no data	
AUDUSD4Y.COMP	2020-01-31	response error	500
AUDUSD4Y.SURF	2020-01-31	no data	
AUDUSD5M.COMP	2020-01-31	response error	500
AUDUSD5M.SURF	2020-01-31	no data	
AUDUSD5Y.COMP	2020-01-31	response error	500
AUDUSD5Y.SURF	2020-01-31	no data	
AUDUSD6M.COMP	2020-01-31	response error	500
AUDUSD6M.SURF	2020-01-31	no data	
AUDUSD7M.COMP	2020-01-31	response error	500
AUDUSD7M.SURF	2020-01-31	no data	
AUDUSD8M.COMP	2020-01-31	response error	500
AUDUSD8M.SURF	2020-01-31	no data	
AUDUSD9M.COMP	2020-01-31	response error	500
AUDUSD9M.SURF	2020-01-31	no data	
AUDUSDON.COMP	2020-01-31	response error	500
AUDUSDON.SURF	2020-01-31	no data	
AUDUSDSN.COMP	2020-01-31	response error	500
AUDUSDSN.SURF	2020-01-31	no data	
AUDUSDTN.COMP	2020-01-31	response error	500
AUDUSDTN.SURF	2020-01-31	no data	
AUDVF	2020-01-31	low data size	
AUDZAR.ABBA	2020-01-31	low data size	
AUDZAR.CMC	2020-01-31	no data	
AUDZAR.MORN	2020-01-31	no data	
AUDZAR.SAXO	2020-01-31	no data	
AUEEF	2020-01-31	low data size	
AUHEF	2020-01-31	low data size	
AUIAF	2020-01-31	no data	
AUKNY	2020-01-31	no data	
AUKUF	2020-01-31	low data size	
AULGF	2020-01-31	low data size	
AULRF	2020-01-31	no data	
AUM.X	2020-01-31	low data size	
AUMTF	2020-01-31	response error	503
AUNFF	2020-01-31	response error	503
AUOTY	2020-01-31	response error	503
AURM	2020-01-31	low data size	
AURT	2020-01-31	no data	
AURX	2020-01-31	no data	
AUSAF	2020-01-31	response error	503
AUSDF	2020-01-31	no data	
AUSTF	2020-01-31	low data size	
AUTLF	2020-01-31	low data size	
AUTLY	2020-01-31	low data size	
AUTR	2020-01-31	no data	
AUUMF	2020-01-31	no data	
AUVGF	2020-01-31	low data size	
AUXRF	2020-01-31	response error	503
AUXXF	2020-01-31	no data	
AVACF	2020-01-31	no data	
AVAL	2020-01-31	no data	
AVASF	2020-01-31	no data	
AVCIF	2020-01-31	response error	503
AVCRF	2020-01-31	low data size	
AVCVF	2020-01-31	low data size	
AVDWF	2020-01-31	low data size	
AVDX	2020-01-31	no data	
AVEPY	2020-01-31	no data	
AVEVF	2020-01-31	low data size	
AVFL	2020-01-31	response error	500
AVFP	2020-01-31	no data	
AVGG	2020-01-31	low data size	
AVH	2020-01-31	no data	
AVHNF	2020-01-31	no data	
AVHNY	2020-01-31	no data	
AVIJF	2020-01-31	low data size	
AVIKF	2020-01-31	low data size	
AVIVF	2020-01-31	no data	
AVIX	2020-01-31	no data	
AVLIF	2020-01-31	no data	
AVLNF	2020-01-31	no data	
AVLP	2020-01-31	no data	
AVLR	2020-01-31	no data	
AVLS	2020-01-31	low data size	
AVLZF	2020-01-31	no data	
AVMMF	2020-01-31	no data	
AVMR	2020-01-31	no data	
AVMXF	2020-01-31	low data size	
AVMXY	2020-01-31	no data	
AVNBF	2020-01-31	low data size	
AVNE	2020-01-31	none data	
AVNLF	2020-01-31	no data	
AVOP	2020-01-31	low data size	
AVOT	2020-01-31	low data size	
AVPFF	2020-01-31	low data size	
AVPMF	2020-01-31	no data	
AVRI	2020-01-31	low data size	
AVRN	2020-01-31	no data	
AVRTF	2020-01-31	no data	
AVSFY	2020-01-31	no data	
AVTR	2020-01-31	response error	503
AVTR-A	2020-01-31	response error	503
AVVIY	2020-01-31	no data	
AVVYY	2020-01-31	no data	
AVVZF	2020-01-31	no data	
AVXAF	2020-01-31	low data size	
AVYA	2020-01-31	no data	
AVYAW	2020-01-31	no data	
AW03.X	2020-01-31	no data	
AW04.X	2020-01-31	no data	
AW05.X	2020-01-31	no data	
AW06.X	2020-01-31	no data	
AW07.X	2020-01-31	no data	
AW08.X	2020-01-31	no data	
AW09.X	2020-01-31	no data	
AW10.X	2020-01-31	no data	
AW11.X	2020-01-31	no data	
AW12.X	2020-01-31	no data	
AW13.X	2020-01-31	no data	
AW14.X	2020-01-31	no data	
AWAEF	2020-01-31	low data size	
AWCMF	2020-01-31	low data size	
AWCMY	2020-01-31	no data	
AWGGBP.COMP	2020-01-31	no data	
AWGGBP.EUAM	2020-01-31	no data	
AWGSRD.COMP	2020-01-31	no data	
AWGSRD.EUAM	2020-01-31	no data	
AWGUSD.COMP	2020-01-31	no data	
AWGUSD.EUAM	2020-01-31	no data	
AWHI	2020-01-31	no data	
AWKS	2020-01-31	low data size	
AWLCF	2020-01-31	no data	
AWON	2020-01-31	no data	
AWRS	2020-01-31	no data	
AWRY	2020-01-31	low data size	
AWTRF	2020-01-31	low data size	
AWWI	2020-01-31	low data size	
AXAHY	2020-01-31	no data	
AXBSF	2020-01-31	no data	
AXCG	2020-01-31	low data size	
AXDDF	2020-01-31	no data	
AXELF	2020-01-31	low data size	
AXFOF	2020-01-31	low data size	
AXFOY	2020-01-31	low data size	
AXIIF	2020-01-31	no data	
AXIM	2020-01-31	no data	
AXIO	2020-01-31	low data size	
AXLX	2020-01-31	no data	
AXMM	2020-01-31	no data	
AXNNF	2020-01-31	no data	
AXNVF	2020-01-31	no data	
AXO	2020-01-31	no data	
AXPLF	2020-01-31	no data	
AXPQQ	2020-01-31	no data	
AXPRF	2020-01-31	low data size	
AXPT	2020-01-31	low data size	
AXS-D	2020-01-31	no data	
AXS-E	2020-01-31	no data	
AXSAF	2020-01-31	low data size	
AXSPY	2020-01-31	response error	503
AXTA	2020-01-31	no data	
AXTLF	2020-01-31	low data size	
AXX.X	2020-01-31	no data	
AXXA	2020-01-31	no data	
AXXDF	2020-01-31	no data	
AXXIY	2020-01-31	no data	
AXXTF	2020-01-31	no data	
AYAAF	2020-01-31	low data size	
AYAAY	2020-01-31	response error	503
AYALY	2020-01-31	no data	
AYGUY	2020-01-31	no data	
AYHC	2020-01-31	low data size	
AYRSF	2020-01-31	response error	503
AYTEF	2020-01-31	no data	
AYTUW	2020-01-31	no data	
AYTUZ	2020-01-31	no data	
AYX	2020-01-31	no data	
AYYBF	2020-01-31	no data	
AYYLF	2020-01-31	low data size	
AZASF	2020-01-31	no data	
AZBCF	2020-01-31	low data size	
AZFL	2020-01-31	no data	
AZIHF	2020-01-31	no data	
AZIHY	2020-01-31	no data	
AZIL	2020-01-31	no data	
AZKLF	2020-01-31	no data	
AZLCZ	2020-01-31	low data size	
AZNVF	2020-01-31	low data size	
AZRE	2020-01-31	no data	
AZRGF	2020-01-31	no data	
AZRH	2020-01-31	no data	
AZRMF	2020-01-31	no data	
AZRTF	2020-01-31	no data	
AZSEY	2020-01-31	low data size	
AZTEF	2020-01-31	low data size	
AZUL	2020-01-31	no data	
AZUMF	2020-01-31	low data size	
AZURF	2020-01-31	no data	
AZZTF	2020-01-31	no data	
AZZUF	2020-01-31	no data	
AZZVF	2020-01-31	no data	
B1000GI.X	2020-01-31	no data	
B1000PI.X	2020-01-31	no data	
B1300GI.X	2020-01-31	no data	
B1300PI.X	2020-01-31	no data	
B1700GI.X	2020-01-31	no data	
B1700PI.X	2020-01-31	no data	
B2000GI.X	2020-01-31	no data	
B2000PI.X	2020-01-31	no data	
B2300GI.X	2020-01-31	no data	
B2300PI.X	2020-01-31	no data	
B2700GI.X	2020-01-31	no data	
B2700PI.X	2020-01-31	no data	
B3000GI.X	2020-01-31	no data	
B3000PI.X	2020-01-31	no data	
B3500GI.X	2020-01-31	no data	
B3500PI.X	2020-01-31	no data	
B3700GI.X	2020-01-31	no data	
B3700PI.X	2020-01-31	no data	
B4000GI.X	2020-01-31	no data	
B4000PI.X	2020-01-31	no data	
B4500GI.X	2020-01-31	no data	
B4500PI.X	2020-01-31	no data	
B5000GI.X	2020-01-31	no data	
B5000PI.X	2020-01-31	no data	
B5300GI.X	2020-01-31	no data	
B5300PI.X	2020-01-31	no data	
B5500GI.X	2020-01-31	no data	
B5500PI.X	2020-01-31	no data	
B5700GI.X	2020-01-31	no data	
B5700PI.X	2020-01-31	no data	
B6000GI.X	2020-01-31	no data	
B6000PI.X	2020-01-31	no data	
B6500GI.X	2020-01-31	no data	
B6500PI.X	2020-01-31	no data	
B7000GI.X	2020-01-31	no data	
B7000PI.X	2020-01-31	no data	
B7500GI.X	2020-01-31	no data	
B7500PI.X	2020-01-31	no data	
B8000GI.X	2020-01-31	no data	
B8000PI.X	2020-01-31	no data	
B8300GI.X	2020-01-31	no data	
B8300PI.X	2020-01-31	no data	
B8600GI.X	2020-01-31	no data	
B8600PI.X	2020-01-31	no data	
B8700GI.X	2020-01-31	no data	
B8700PI.X	2020-01-31	no data	
B9000GI.X	2020-01-31	no data	
B9000PI.X	2020-01-31	no data	
B9500GI.X	2020-01-31	no data	
B9500PI.X	2020-01-31	no data	
BABA	2020-01-31	no data	
BABYF	2020-01-31	response error	503
BAC-A	2020-01-31	no data	
BAC-B	2020-01-31	no data	
BAC-C	2020-01-31	no data	
BAC-K	2020-01-31	no data	
BAC-M	2020-01-31	response error	503
BAC-N	2020-01-31	response error	503
BAC-W	2020-01-31	no data	
BACHY	2020-01-31	low data size	
BADG	2020-01-31	no data	
BAFBF	2020-01-31	low data size	
BAFI	2020-01-31	response error	500
BAFYY	2020-01-31	no data	
BAH	2020-01-31	no data	
BALMF	2020-01-31	low data size	
BALOF	2020-01-31	low data size	
BALTF	2020-01-31	no data	
BAMGBP.COMP	2020-01-31	no data	
BAMGBP.EUAM	2020-01-31	no data	
BAMGF	2020-01-31	no data	
BAMKF	2020-01-31	no data	
BAMUSD.COMP	2020-01-31	no data	
BAMUSD.EUAM	2020-01-31	no data	
BANC-D	2020-01-31	no data	
BANC-E	2020-01-31	no data	
BANGN	2020-01-31	low data size	
BANJ	2020-01-31	no data	
BANT	2020-01-31	response error	503
BAOOF	2020-01-31	no data	
BAOXF	2020-01-31	no data	
BAPR	2020-01-31	response error	503
BAPR.IV.X	2020-01-31	response error	503
BARK	2020-01-31	low data size	
BARRF	2020-01-31	response error	503
BARZ	2020-01-31	no data	
BASA	2020-01-31	low data size	
BASCF	2020-01-31	low data size	
BASWW	2020-01-31	no data	
BATMF	2020-01-31	low data size	
BATRB	2020-01-31	no data	
BAUG	2020-01-31	response error	503
BAUG.IV.X	2020-01-31	response error	503
BBAGF	2020-01-31	no data	
BBAJF	2020-01-31	response error	503
BBAR	2020-01-31	response error	503
BBAVF	2020-01-31	low data size	
BBAVY	2020-01-31	low data size	
BBAX	2020-01-31	no data	
BBBK	2020-01-31	response error	500
BBBMF	2020-01-31	no data	
BBBSF	2020-01-31	low data size	
BBBXF	2020-01-31	no data	
BBCA	2020-01-31	no data	
BBCPW	2020-01-31	no data	
BBDDKK.COMP	2020-01-31	no data	
BBDDKK.MOR2	2020-01-31	no data	
BBDEUR.COMP	2020-01-31	no data	
BBDEUR.EUAM	2020-01-31	no data	
BBDO	2020-01-31	no data	
BBDSRD.COMP	2020-01-31	no data	
BBDSRD.EUAM	2020-01-31	no data	
BBDUSD.COMP	2020-01-31	no data	
BBDUSD.EUAM	2020-01-31	no data	
BBEDF	2020-01-31	no data	
BBEPQ	2020-01-31	no data	
BBEU	2020-01-31	no data	
BBIXF	2020-01-31	response error	503
BBJP	2020-01-31	no data	
BBKCF	2020-01-31	no data	
BBLG	2020-01-31	no data	
BBLS	2020-01-31	no data	
BBME	2020-01-31	low data size	
BBN	2020-01-31	no data	
BBPPQ	2020-01-31	no data	
BBRE	2020-01-31	no data	
BBRRF	2020-01-31	response error	503
BBSA	2020-01-31	response error	503
BBSA.IV.X	2020-01-31	response error	503
BBSA.NV.X	2020-01-31	response error	503
BBSEY	2020-01-31	no data	
BBSRF	2020-01-31	low data size	
BBT-F	2020-01-31	no data	
BBT-G	2020-01-31	no data	
BBT-H	2020-01-31	no data	
BBU	2020-01-31	no data	
BBUF246T.X	2020-01-31	no data	
BBURXAL.X	2020-01-31	no data	
BBURXALT.X	2020-01-31	no data	
BBUS	2020-01-31	response error	503
BBUS.IV.X	2020-01-31	response error	503
BBUS.NV.X	2020-01-31	response error	503
BBUXAL1T.X	2020-01-31	no data	
BBUXAL3T.X	2020-01-31	no data	
BBUXAL5T.X	2020-01-31	no data	
BBUXALC.X	2020-01-31	no data	
BBUXALCT.X	2020-01-31	no data	
BBUXALET.X	2020-01-31	no data	
BBUXALEU.X	2020-01-31	no data	
BBVKF	2020-01-31	low data size	
BBX	2020-01-31	no data	
BC-A	2020-01-31	no data	
BC-B	2020-01-31	no data	
BC-C	2020-01-31	response error	503
BCAL	2020-01-31	low data size	
BCAUY	2020-01-31	no data	
BCBF	2020-01-31	low data size	
BCC	2020-01-31	no data	
BCCCF	2020-01-31	no data	
BCCEF	2020-01-31	no data	
BCCLF	2020-01-31	no data	
BCCMY	2020-01-31	no data	
BCDI	2020-01-31	low data size	
BCDMF	2020-01-31	low data size	
BCDRF	2020-01-31	low data size	
BCDS	2020-01-31	response error	503
BCEFF	2020-01-31	no data	
BCEI	2020-01-31	no data	
BCGOF	2020-01-31	low data size	
BCHEY	2020-01-31	no data	
BCHFP	2020-01-31	response error	503
BCHHF	2020-01-31	no data	
BCKIF	2020-01-31	low data size	
BCKIY	2020-01-31	no data	
BCKMF	2020-01-31	no data	
BCLMF	2020-01-31	no data	
BCMKF	2020-01-31	response error	503
BCMRF	2020-01-31	no data	
BCMXY	2020-01-31	no data	
BCNAF	2020-01-31	low data size	
BCNAY	2020-01-31	no data	
BCNLF	2020-01-31	low data size	
BCOMAL1.X	2020-01-31	no data	
BCOMAL2.X	2020-01-31	no data	
BCOMAL2T.X	2020-01-31	no data	
BCOMAL6.X	2020-01-31	no data	
BCOMAL6T.X	2020-01-31	no data	
BCOMALC.X	2020-01-31	no data	
BCOMALCT.X	2020-01-31	no data	
BCOMAV.X	2020-01-31	no data	
BCOMAVT.X	2020-01-31	no data	
BCOMBO1.X	2020-01-31	no data	
BCOMBO2.X	2020-01-31	no data	
BCOMBO2T.X	2020-01-31	no data	
BCOMBO6.X	2020-01-31	no data	
BCOMBO6T.X	2020-01-31	no data	
BCOMBOC.X	2020-01-31	no data	
BCOMBOCT.X	2020-01-31	no data	
BCOMCC1.X	2020-01-31	no data	
BCOMCC2.X	2020-01-31	no data	
BCOMCC2T.X	2020-01-31	no data	
BCOMCC3.X	2020-01-31	no data	
BCOMCC3T.X	2020-01-31	no data	
BCOMCC6.X	2020-01-31	no data	
BCOMCC6T.X	2020-01-31	no data	
BCOMCL1.X	2020-01-31	no data	
BCOMCL2.X	2020-01-31	no data	
BCOMCL2T.X	2020-01-31	no data	
BCOMCL6.X	2020-01-31	no data	
BCOMCL6T.X	2020-01-31	no data	
BCOMCLC.X	2020-01-31	no data	
BCOMCLCT.X	2020-01-31	no data	
BCOMCN1.X	2020-01-31	no data	
BCOMCN2.X	2020-01-31	no data	
BCOMCN2T.X	2020-01-31	no data	
BCOMCN6.X	2020-01-31	no data	
BCOMCN6T.X	2020-01-31	no data	
BCOMCNC.X	2020-01-31	no data	
BCOMCNCT.X	2020-01-31	no data	
BCOMCO.X	2020-01-31	no data	
BCOMCO1.X	2020-01-31	no data	
BCOMCO2.X	2020-01-31	no data	
BCOMCO2T.X	2020-01-31	no data	
BCOMCO3.X	2020-01-31	no data	
BCOMCO6.X	2020-01-31	no data	
BCOMCO6T.X	2020-01-31	no data	
BCOMCOC.X	2020-01-31	no data	
BCOMCOCT.X	2020-01-31	no data	
BCOMCOT.X	2020-01-31	no data	
BCOMCR.X	2020-01-31	no data	
BCOMCR3.X	2020-01-31	no data	
BCOMCRT.X	2020-01-31	no data	
BCOMCT1.X	2020-01-31	no data	
BCOMCT2.X	2020-01-31	no data	
BCOMCT2T.X	2020-01-31	no data	
BCOMCT6.X	2020-01-31	no data	
BCOMCT6T.X	2020-01-31	no data	
BCOMCTC.X	2020-01-31	no data	
BCOMCTCT.X	2020-01-31	no data	
BCOMCW.X	2020-01-31	no data	
BCOMCW3.X	2020-01-31	no data	
BCOMCW3T.X	2020-01-31	no data	
BCOMCWT.X	2020-01-31	no data	
BCOMDATM.X	2020-01-31	no data	
BCOMDCTM.X	2020-01-31	no data	
BCOMDETM.X	2020-01-31	no data	
BCOMDFTM.X	2020-01-31	no data	
BCOMDPTM.X	2020-01-31	no data	
BCOMDYTM.X	2020-01-31	no data	
BCOMEN5.X	2020-01-31	no data	
BCOMEN5T.X	2020-01-31	no data	
BCOMF4.X	2020-01-31	no data	
BCOMF4T.X	2020-01-31	no data	
BCOMF5.X	2020-01-31	no data	
BCOMF5T.X	2020-01-31	no data	
BCOMF6.X	2020-01-31	no data	
BCOMF6T.X	2020-01-31	no data	
BCOMFC.X	2020-01-31	no data	
BCOMFCT.X	2020-01-31	no data	
BCOMGC1.X	2020-01-31	no data	
BCOMGC2.X	2020-01-31	no data	
BCOMGC2T.X	2020-01-31	no data	
BCOMGC6.X	2020-01-31	no data	
BCOMGC6T.X	2020-01-31	no data	
BCOMGCC.X	2020-01-31	no data	
BCOMGCCT.X	2020-01-31	no data	
BCOMGO.X	2020-01-31	no data	
BCOMGO3.X	2020-01-31	no data	
BCOMGO3T.X	2020-01-31	no data	
BCOMGOT.X	2020-01-31	no data	
BCOMGR5.X	2020-01-31	no data	
BCOMGR5T.X	2020-01-31	no data	
BCOMHC.X	2020-01-31	low data size	
BCOMHCT.X	2020-01-31	low data size	
BCOMHG1.X	2020-01-31	no data	
BCOMHG2.X	2020-01-31	no data	
BCOMHG2T.X	2020-01-31	no data	
BCOMHG6.X	2020-01-31	no data	
BCOMHG6T.X	2020-01-31	no data	
BCOMHGC.X	2020-01-31	no data	
BCOMHGCT.X	2020-01-31	no data	
BCOMHL.X	2020-01-31	no data	
BCOMHLT.X	2020-01-31	no data	
BCOMHO1.X	2020-01-31	no data	
BCOMHO2.X	2020-01-31	no data	
BCOMHO2T.X	2020-01-31	no data	
BCOMHO6.X	2020-01-31	no data	
BCOMHO6T.X	2020-01-31	no data	
BCOMHOC.X	2020-01-31	no data	
BCOMHOCT.X	2020-01-31	no data	
BCOMHW.X	2020-01-31	no data	
BCOMHWT.X	2020-01-31	no data	
BCOMIN5.X	2020-01-31	no data	
BCOMIN5T.X	2020-01-31	no data	
BCOMKC1.X	2020-01-31	no data	
BCOMKC2.X	2020-01-31	no data	
BCOMKC2T.X	2020-01-31	no data	
BCOMKC6.X	2020-01-31	no data	
BCOMKC6T.X	2020-01-31	no data	
BCOMKCC.X	2020-01-31	no data	
BCOMKCCT.X	2020-01-31	no data	
BCOMKW.X	2020-01-31	no data	
BCOMKW1.X	2020-01-31	no data	
BCOMKW2.X	2020-01-31	no data	
BCOMKW2T.X	2020-01-31	no data	
BCOMKW3.X	2020-01-31	no data	
BCOMKW3T.X	2020-01-31	no data	
BCOMKW6.X	2020-01-31	no data	
BCOMKW6T.X	2020-01-31	no data	
BCOMKWC.X	2020-01-31	no data	
BCOMKWCT.X	2020-01-31	no data	
BCOMKWT.X	2020-01-31	no data	
BCOMLC1.X	2020-01-31	no data	
BCOMLC2.X	2020-01-31	no data	
BCOMLC2T.X	2020-01-31	no data	
BCOMLC6.X	2020-01-31	no data	
BCOMLC6T.X	2020-01-31	no data	
BCOMLCC.X	2020-01-31	no data	
BCOMLCCT.X	2020-01-31	no data	
BCOMLH1.X	2020-01-31	no data	
BCOMLH2.X	2020-01-31	no data	
BCOMLH2T.X	2020-01-31	no data	
BCOMLH6.X	2020-01-31	no data	
BCOMLH6T.X	2020-01-31	no data	
BCOMLHC.X	2020-01-31	no data	
BCOMLHCT.X	2020-01-31	no data	
BCOMLI5.X	2020-01-31	no data	
BCOMLI5T.X	2020-01-31	no data	
BCOMNG1.X	2020-01-31	no data	
BCOMNG2.X	2020-01-31	no data	
BCOMNG2T.X	2020-01-31	no data	
BCOMNG6.X	2020-01-31	no data	
BCOMNG6T.X	2020-01-31	no data	
BCOMNGC.X	2020-01-31	no data	
BCOMNGCT.X	2020-01-31	no data	
BCOMNI1.X	2020-01-31	no data	
BCOMNI2.X	2020-01-31	no data	
BCOMNI2T.X	2020-01-31	no data	
BCOMNI6.X	2020-01-31	no data	
BCOMNI6T.X	2020-01-31	no data	
BCOMNIC.X	2020-01-31	no data	
BCOMNICT.X	2020-01-31	no data	
BCOMOJ.X	2020-01-31	no data	
BCOMOJT.X	2020-01-31	no data	
BCOMPB3.X	2020-01-31	no data	
BCOMPB3T.X	2020-01-31	no data	
BCOMPR5.X	2020-01-31	no data	
BCOMPR5T.X	2020-01-31	no data	
BCOMRAG.X	2020-01-31	no data	
BCOMRAGT.X	2020-01-31	no data	
BCOMRAL.X	2020-01-31	no data	
BCOMRALT.X	2020-01-31	no data	
BCOMRB1.X	2020-01-31	no data	
BCOMRB2.X	2020-01-31	no data	
BCOMRB2T.X	2020-01-31	no data	
BCOMRB6.X	2020-01-31	no data	
BCOMRB6T.X	2020-01-31	no data	
BCOMRBC.X	2020-01-31	no data	
BCOMRBCT.X	2020-01-31	no data	
BCOMRBO.X	2020-01-31	no data	
BCOMRBOT.X	2020-01-31	no data	
BCOMRCL.X	2020-01-31	no data	
BCOMRCLT.X	2020-01-31	no data	
BCOMRCN.X	2020-01-31	no data	
BCOMRCNT.X	2020-01-31	no data	
BCOMRCO.X	2020-01-31	no data	
BCOMRCOT.X	2020-01-31	no data	
BCOMRCT.X	2020-01-31	no data	
BCOMRCTT.X	2020-01-31	no data	
BCOMREN.X	2020-01-31	no data	
BCOMRENT.X	2020-01-31	no data	
BCOMRGC.X	2020-01-31	no data	
BCOMRGCT.X	2020-01-31	no data	
BCOMRGR.X	2020-01-31	no data	
BCOMRGRT.X	2020-01-31	no data	
BCOMRHG.X	2020-01-31	no data	
BCOMRHGT.X	2020-01-31	no data	
BCOMRHO.X	2020-01-31	no data	
BCOMRHOT.X	2020-01-31	no data	
BCOMRIN.X	2020-01-31	no data	
BCOMRINT.X	2020-01-31	no data	
BCOMRKC.X	2020-01-31	no data	
BCOMRKCT.X	2020-01-31	no data	
BCOMRLC.X	2020-01-31	no data	
BCOMRLCT.X	2020-01-31	no data	
BCOMRLH.X	2020-01-31	no data	
BCOMRLHT.X	2020-01-31	no data	
BCOMRLI.X	2020-01-31	no data	
BCOMRLIT.X	2020-01-31	no data	
BCOMRNG.X	2020-01-31	no data	
BCOMRNGT.X	2020-01-31	no data	
BCOMRNI.X	2020-01-31	no data	
BCOMRNIT.X	2020-01-31	no data	
BCOMRPE.X	2020-01-31	no data	
BCOMRPET.X	2020-01-31	no data	
BCOMRPR.X	2020-01-31	no data	
BCOMRPRT.X	2020-01-31	no data	
BCOMRRB.X	2020-01-31	no data	
BCOMRRBT.X	2020-01-31	no data	
BCOMRS.X	2020-01-31	no data	
BCOMRSB.X	2020-01-31	no data	
BCOMRSBT.X	2020-01-31	no data	
BCOMRSI.X	2020-01-31	no data	
BCOMRSIT.X	2020-01-31	no data	
BCOMRSO.X	2020-01-31	no data	
BCOMRSOT.X	2020-01-31	no data	
BCOMRST.X	2020-01-31	no data	
BCOMRSY.X	2020-01-31	no data	
BCOMRSYT.X	2020-01-31	no data	
BCOMRWH.X	2020-01-31	no data	
BCOMRWHT.X	2020-01-31	no data	
BCOMRXE.X	2020-01-31	no data	
BCOMRXET.X	2020-01-31	no data	
BCOMRZS.X	2020-01-31	no data	
BCOMRZST.X	2020-01-31	no data	
BCOMSB1.X	2020-01-31	no data	
BCOMSB2.X	2020-01-31	no data	
BCOMSB6.X	2020-01-31	no data	
BCOMSBC.X	2020-01-31	no data	
BCOMSG.X	2020-01-31	no data	
BCOMSGT.X	2020-01-31	no data	
BCOMSI1.X	2020-01-31	no data	
BCOMSI2.X	2020-01-31	no data	
BCOMSI6.X	2020-01-31	no data	
BCOMSIC.X	2020-01-31	no data	
BCOMSM.X	2020-01-31	no data	
BCOMSM1.X	2020-01-31	no data	
BCOMSM2.X	2020-01-31	no data	
BCOMSM3.X	2020-01-31	no data	
BCOMSM6.X	2020-01-31	no data	
BCOMSMC.X	2020-01-31	no data	
BCOMSMT.X	2020-01-31	no data	
BCOMSN3.X	2020-01-31	no data	
BCOMSO5.X	2020-01-31	no data	
BCOMSY1.X	2020-01-31	no data	
BCOMSY2.X	2020-01-31	no data	
BCOMSY6.X	2020-01-31	no data	
BCOMSYC.X	2020-01-31	no data	
BCOMWH1.X	2020-01-31	no data	
BCOMWH1T.X	2020-01-31	no data	
BCOMWH2.X	2020-01-31	no data	
BCOMWH2T.X	2020-01-31	no data	
BCOMWH6.X	2020-01-31	no data	
BCOMWH6T.X	2020-01-31	no data	
BCOMWHC.X	2020-01-31	no data	
BCOMWHCT.X	2020-01-31	no data	
BCOMXA2.X	2020-01-31	no data	
BCOMXA2T.X	2020-01-31	no data	
BCOMXA3.X	2020-01-31	no data	
BCOMXA3T.X	2020-01-31	no data	
BCOMXAG.X	2020-01-31	no data	
BCOMXAGT.X	2020-01-31	no data	
BCOMXAL.X	2020-01-31	no data	
BCOMXAL1.X	2020-01-31	no data	
BCOMXAL3.X	2020-01-31	no data	
BCOMXAL5.X	2020-01-31	no data	
BCOMXALT.X	2020-01-31	no data	
BCOMXG3.X	2020-01-31	no data	
BCOMXG3T.X	2020-01-31	no data	
BCOMXGR.X	2020-01-31	no data	
BCOMXGRT.X	2020-01-31	no data	
BCOMXHM.X	2020-01-31	no data	
BCOMXHMT.X	2020-01-31	no data	
BCOMXI3.X	2020-01-31	no data	
BCOMXI3T.X	2020-01-31	no data	
BCOMXIM.X	2020-01-31	no data	
BCOMXIMT.X	2020-01-31	no data	
BCOMXL3.X	2020-01-31	no data	
BCOMXL3T.X	2020-01-31	no data	
BCOMXLI.X	2020-01-31	no data	
BCOMXLIT.X	2020-01-31	no data	
BCOMXLSP.X	2020-01-31	no data	
BCOMXNG.X	2020-01-31	no data	
BCOMXNGT.X	2020-01-31	no data	
BCOMXP3.X	2020-01-31	no data	
BCOMXP3T.X	2020-01-31	no data	
BCOMXPE.X	2020-01-31	no data	
BCOMXPET.X	2020-01-31	no data	
BCOMXPM.X	2020-01-31	no data	
BCOMXPMT.X	2020-01-31	no data	
BCOMXS3.X	2020-01-31	no data	
BCOMXS3T.X	2020-01-31	no data	
BCOMXSO.X	2020-01-31	no data	
BCOMXSOT.X	2020-01-31	no data	
BCOMXT3.X	2020-01-31	no data	
BCOMXT3T.X	2020-01-31	no data	
BCOMZS1.X	2020-01-31	no data	
BCOMZS1T.X	2020-01-31	no data	
BCOMZS2.X	2020-01-31	no data	
BCOMZS2T.X	2020-01-31	no data	
BCOMZS6.X	2020-01-31	no data	
BCOMZS6T.X	2020-01-31	no data	
BCOMZSC.X	2020-01-31	no data	
BCOMZSCT.X	2020-01-31	no data	
BCPGF	2020-01-31	no data	
BCRH	2020-01-31	no data	
BCSF	2020-01-31	no data	
BCSO	2020-01-31	low data size	
BCTXF	2020-01-31	no data	
BCUCF	2020-01-31	no data	
BCUCY	2020-01-31	no data	
BCVMF	2020-01-31	no data	
BCVVF	2020-01-31	no data	
BCWG	2020-01-31	no data	
BCX	2020-01-31	no data	
BCYIF	2020-01-31	low data size	
BCYP	2020-01-31	no data	
BDABF	2020-01-31	no data	
BDCM	2020-01-31	low data size	
BDDXF	2020-01-31	response error	503
BDFH	2020-01-31	low data size	
BDGCF	2020-01-31	response error	503
BDGSF	2020-01-31	no data	
BDGXF	2020-01-31	no data	
BDIC	2020-01-31	no data	
BDIMF	2020-01-31	no data	
BDNHF	2020-01-31	low data size	
BDNNY	2020-01-31	no data	
BDORY	2020-01-31	low data size	
BDOUF	2020-01-31	no data	
BDOUY	2020-01-31	no data	
BDPT	2020-01-31	no data	
BDREF	2020-01-31	no data	
BDRFF	2020-01-31	low data size	
BDRFY	2020-01-31	low data size	
BDRLF	2020-01-31	no data	
BDRPF	2020-01-31	low data size	
BDRSF	2020-01-31	low data size	
BDRXF	2020-01-31	no data	
BDTJPY.COMP	2020-01-31	low data size	
BDTJPY.EUAM	2020-01-31	low data size	
BDTSEK.COMP	2020-01-31	no data	
BDTSEK.MOR2	2020-01-31	no data	
BDTUSD.COMP	2020-01-31	no data	
BDTUSD.EUAM	2020-01-31	no data	
BDULF	2020-01-31	low data size	
BDUUF	2020-01-31	low data size	
BDUUY	2020-01-31	no data	
BDVB	2020-01-31	no data	
BDVSF	2020-01-31	low data size	
BDWYF	2020-01-31	no data	
BDXA	2020-01-31	no data	
BE	2020-01-31	no data	
BEAG	2020-01-31	no data	
BECEF	2020-01-31	response error	503
BECVY	2020-01-31	no data	
BEDU	2020-01-31	no data	
BEEN	2020-01-31	low data size	
BEES	2020-01-31	no data	
BEGYF	2020-01-31	no data	
BEKAY	2020-01-31	response error	503
BEKSF	2020-01-31	no data	
BELDF	2020-01-31	no data	
BEMG	2020-01-31	low data size	
BEMO	2020-01-31	no data	
BEMO.IV.X	2020-01-31	no data	
BENGF	2020-01-31	no data	
BENH	2020-01-31	no data	
BENZF	2020-01-31	no data	
BEP	2020-01-31	no data	
BERY	2020-01-31	no data	
BEST	2020-01-31	response error	503
BESVF	2020-01-31	no data	
BEUT	2020-01-31	no data	
BEVVF	2020-01-31	no data	
BEWFF	2020-01-31	low data size	
BFAM	2020-01-31	no data	
BFARF	2020-01-31	response error	503
BFCC	2020-01-31	response error	503
BFEHF	2020-01-31	no data	
BFFAF	2020-01-31	no data	
BFFBF	2020-01-31	no data	
BFFTF	2020-01-31	no data	
BFGC	2020-01-31	no data	
BFLBF	2020-01-31	low data size	
BFLBY	2020-01-31	low data size	
BFLD	2020-01-31	no data	
BFLS	2020-01-31	low data size	
BFMOF	2020-01-31	no data	
BFS-C	2020-01-31	no data	
BFS-D	2020-01-31	no data	
BFS-E	2020-01-31	response error	503
BFTL	2020-01-31	no data	
BFWWF	2020-01-31	no data	
BGADF	2020-01-31	no data	
BGAIF	2020-01-31	low data size	
BGAOF	2020-01-31	low data size	
BGAOY	2020-01-31	low data size	
BGAVF	2020-01-31	no data	
BGB	2020-01-31	no data	
BGEM	2020-01-31	low data size	
BGFT	2020-01-31	no data	
BGGFF	2020-01-31	no data	
BGH	2020-01-31	no data	
BGIO	2020-01-31	no data	
BGJTF	2020-01-31	no data	
BGKKF	2020-01-31	low data size	
BGKYF	2020-01-31	no data	
BGMD	2020-01-31	no data	
BGNAUD.COMP	2020-01-31	no data	
BGNAUD.EUAM	2020-01-31	no data	
BGNCAD.COMP	2020-01-31	no data	
BGNCAD.EUAM	2020-01-31	no data	
BGNCNY.COMP	2020-01-31	low data size	
BGNCNY.EUAM	2020-01-31	low data size	
BGNPLN.COMP	2020-01-31	no data	
BGNPLN.EUAM	2020-01-31	no data	
BGNRF	2020-01-31	no data	
BGNUSD.COMP	2020-01-31	no data	
BGNUSD.EUAM	2020-01-31	no data	
BGOPF	2020-01-31	low data size	
BGOUF	2020-01-31	low data size	
BGPBF	2020-01-31	response error	503
BGRDF	2020-01-31	response error	503
BGRN.DV.X	2020-01-31	no data	
BGRN.EU.X	2020-01-31	no data	
BGRN.IV.X	2020-01-31	no data	
BGRN.NV.X	2020-01-31	no data	
BGRN.SO.X	2020-01-31	no data	
BGRN.TC.X	2020-01-31	no data	
BGRP	2020-01-31	no data	
BGSHF	2020-01-31	no data	
BGSWF	2020-01-31	low data size	
BGUUF	2020-01-31	no data	
BGVDF	2020-01-31	no data	
BGX	2020-01-31	no data	
BH.A	2020-01-31	no data	
BHAC	2020-01-31	no data	
BHACR	2020-01-31	no data	
BHACU	2020-01-31	no data	
BHACW	2020-01-31	no data	
BHAGF	2020-01-31	no data	
BHCCF	2020-01-31	no data	
BHCV	2020-01-31	response error	503
BHDB	2020-01-31	low data size	
BHDDKK.COMP	2020-01-31	no data	
BHDDKK.MOR2	2020-01-31	no data	
BHDUSD.COMP	2020-01-31	no data	
BHDUSD.EUAM	2020-01-31	no data	
BHGE	2020-01-31	no data	
BHHKF	2020-01-31	no data	
BHHOF	2020-01-31	no data	
BHLD	2020-01-31	no data	
BHLL	2020-01-31	no data	
BHMCF	2020-01-31	no data	
BHMDF	2020-01-31	low data size	
BHNFF	2020-01-31	no data	
BHNGF	2020-01-31	response error	503
BHOOY	2020-01-31	no data	
BHPA	2020-01-31	response error	503
BHR	2020-01-31	no data	
BHR-B	2020-01-31	no data	
BHR-D	2020-01-31	no data	
BHROF	2020-01-31	no data	
BHTLF	2020-01-31	no data	
BHVN	2020-01-31	no data	
BIBLF	2020-01-31	low data size	
BICB	2020-01-31	no data	
BICEF	2020-01-31	low data size	
BICEY	2020-01-31	no data	
BICK.DV.X	2020-01-31	no data	
BICK.EU.X	2020-01-31	no data	
BICK.IV.X	2020-01-31	no data	
BICK.NV.X	2020-01-31	no data	
BICK.SO.X	2020-01-31	no data	
BICK.TC.X	2020-01-31	no data	
BICTF	2020-01-31	no data	
BICX	2020-01-31	response error	503
BIEI	2020-01-31	no data	
BIESF	2020-01-31	no data	
BIFUSD.COMP	2020-01-31	no data	
BIFUSD.EUAM	2020-01-31	no data	
BIGG	2020-01-31	no data	
BIIAF	2020-01-31	low data size	
BIIO	2020-01-31	no data	
BILZF	2020-01-31	response error	503
BIMT	2020-01-31	response error	503
BIMUF	2020-01-31	no data	
BINHF	2020-01-31	no data	
BIOAF	2020-01-31	low data size	
BIOAQ	2020-01-31	no data	
BIOGY	2020-01-31	no data	
BIONQ	2020-01-31	low data size	
BIOVF	2020-01-31	no data	
BIOYF	2020-01-31	low data size	
BIQ.X	2020-01-31	no data	
BIQIF	2020-01-31	response error	503
BIRMF	2020-01-31	low data size	
BIRNF	2020-01-31	low data size	
BIT	2020-01-31	no data	
BITA	2020-01-31	no data	
BITGF	2020-01-31	low data size	
BITKF	2020-01-31	low data size	
BITRF	2020-01-31	no data	
BIUPF	2020-01-31	response error	503
BIVI	2020-01-31	no data	
BIXT	2020-01-31	no data	
BIXZF	2020-01-31	low data size	
BIZM	2020-01-31	no data	
BJ	2020-01-31	no data	
BJAN	2020-01-31	no data	
BJCHY	2020-01-31	no data	
BJCLF	2020-01-31	low data size	
BJINF	2020-01-31	low data size	
BJRRF	2020-01-31	no data	
BJSAF	2020-01-31	low data size	
BJUL	2020-01-31	no data	
BJUN	2020-01-31	response error	503
BJUN.IV.X	2020-01-31	response error	503
BJURF	2020-01-31	no data	
BJWTF	2020-01-31	no data	
BJWTY	2020-01-31	response error	503
BK-C	2020-01-31	no data	
BKAHF	2020-01-31	low data size	
BKAML	2020-01-31	no data	
BKAPP	2020-01-31	no data	
BKAYY	2020-01-31	no data	
BKBEF	2020-01-31	no data	
BKBFF	2020-01-31	no data	
BKBLF	2020-01-31	response error	503
BKCH.DV.X	2020-01-31	response error	503
BKCT	2020-01-31	no data	
BKCYF	2020-01-31	no data	
BKEN	2020-01-31	low data size	
BKESF	2020-01-31	low data size	
BKFAF	2020-01-31	response error	503
BKFKF	2020-01-31	no data	
BKGFF	2020-01-31	no data	
BKGFY	2020-01-31	no data	
BKGMF	2020-01-31	low data size	
BKHPF	2020-01-31	low data size	
BKHRF	2020-01-31	no data	
BKIMF	2020-01-31	low data size	
BKIRF	2020-01-31	no data	
BKISF	2020-01-31	response error	503
BKIT	2020-01-31	no data	
BKIWF	2020-01-31	low data size	
BKKCF	2020-01-31	response error	503
BKKLY	2020-01-31	no data	
BKKN	2020-01-31	no data	
BKKVF	2020-01-31	response error	503
BKLIF	2020-01-31	response error	503
BKLLF	2020-01-31	no data	
BKLRF	2020-01-31	low data size	
BKMG	2020-01-31	low data size	
BKPKF	2020-01-31	low data size	
BKPPF	2020-01-31	no data	
BKQNF	2020-01-31	low data size	
BKQNY	2020-01-31	no data	
BKRIF	2020-01-31	no data	
BKRIY	2020-01-31	no data	
BKRKF	2020-01-31	low data size	
BKRKY	2020-01-31	low data size	
BKRRF	2020-01-31	no data	
BKSH	2020-01-31	no data	
BKSLF	2020-01-31	no data	
BKTPF	2020-01-31	no data	
BKU	2020-01-31	no data	
BKUCF	2020-01-31	low data size	
BKUH	2020-01-31	low data size	
BKUT	2020-01-31	low data size	
BLAIF	2020-01-31	low data size	
BLBDW	2020-01-31	no data	
BLBK	2020-01-31	no data	
BLBX	2020-01-31	no data	
BLCK	2020-01-31	no data	
BLCN.IV.X	2020-01-31	no data	
BLCS	2020-01-31	no data	
BLD	2020-01-31	no data	
BLEVF	2020-01-31	no data	
BLFDF	2020-01-31	no data	
BLFR	2020-01-31	no data	
BLGI	2020-01-31	no data	
BLHEF	2020-01-31	low data size	
BLHEY	2020-01-31	low data size	
BLHK	2020-01-31	low data size	
BLHWF	2020-01-31	no data	
BLIAQ	2020-01-31	no data	
BLIBQ	2020-01-31	no data	
BLILF	2020-01-31	no data	
BLIS	2020-01-31	response error	503
BLJZY	2020-01-31	no data	
BLKCF	2020-01-31	no data	
BLKG	2020-01-31	no data	
BLKLF	2020-01-31	no data	
BLLCF	2020-01-31	no data	
BLLMF	2020-01-31	no data	
BLLQF	2020-01-31	no data	
BLLXF	2020-01-31	no data	
BLLYF	2020-01-31	no data	
BLMIF	2020-01-31	low data size	
BLMMF	2020-01-31	response error	503
BLNC	2020-01-31	no data	
BLONF	2020-01-31	no data	
BLOZF	2020-01-31	no data	
BLPFF	2020-01-31	low data size	
BLPG	2020-01-31	no data	
BLQN	2020-01-31	low data size	
BLRDF	2020-01-31	low data size	
BLRDY	2020-01-31	response error	500
BLRZF	2020-01-31	low data size	
BLSFY	2020-01-31	low data size	
BLSP	2020-01-31	no data	
BLTHF	2020-01-31	response error	503
BLTO	2020-01-31	no data	
BLUF	2020-01-31	no data	
BLUNY	2020-01-31	low data size	
BLUSD	2020-01-31	response error	503
BLUU	2020-01-31	no data	
BLVDF	2020-01-31	low data size	
BLWYF	2020-01-31	low data size	
BLWYY	2020-01-31	no data	
BLXX	2020-01-31	low data size	
BLYQ	2020-01-31	no data	
BLZSF	2020-01-31	low data size	
BMBGF	2020-01-31	no data	
BMBLF	2020-01-31	low data size	
BMBOY	2020-01-31	no data	
BMBYF	2020-01-31	low data size	
BMBZF	2020-01-31	low data size	
BMCBF	2020-01-31	no data	
BMCLF	2020-01-31	no data	
BMDBBD.COMP	2020-01-31	no data	
BMDBBD.EUAM	2020-01-31	no data	
BMDCAD.COMP	2020-01-31	no data	
BMDCAD.EUAM	2020-01-31	no data	
BMDDKK.COMP	2020-01-31	no data	
BMDDKK.MOR2	2020-01-31	no data	
BMDEUR.COMP	2020-01-31	no data	
BMDEUR.EUAM	2020-01-31	no data	
BMDGBP.COMP	2020-01-31	no data	
BMDGBP.EUAM	2020-01-31	no data	
BMDKYD.COMP	2020-01-31	no data	
BMDKYD.EUAM	2020-01-31	no data	
BMDLF	2020-01-31	no data	
BMDPF	2020-01-31	low data size	
BMDPY	2020-01-31	no data	
